environment,action,bucket,n_queries,mean_ndcg,mean_recall,mean_delta_vs_original,strict_win_fraction_vs_original
fiqa_bm25,original,-1,150,0.25251415790289977,0.3233333333333333,0.0,0.0
fiqa_bm25,original,0,31,0.13661532162362866,0.22580645161290322,0.0,0.0
fiqa_bm25,original,1,20,0.2770473834732147,0.30833333333333335,0.0,0.0
fiqa_bm25,original,2,61,0.22991122260942587,0.2904371584699454,0.0,0.0
fiqa_bm25,original,3,38,0.370434643854295,0.4635964912280701,0.0,0.0
fiqa_bm25,keywords,-1,150,0.24878108804726026,0.315,-0.003733069855639541,0.08666666666666667
fiqa_bm25,keywords,0,31,0.15762580277662747,0.22580645161290322,0.021010481152998802,0.12903225806451613
fiqa_bm25,keywords,1,20,0.2807305396950758,0.30833333333333335,0.0036831562218610212,0.1
fiqa_bm25,keywords,2,61,0.2249577223598588,0.3027322404371585,-0.004953500249567064,0.06557377049180328
fiqa_bm25,keywords,3,38,0.34457188060949173,0.41096491228070176,-0.025862763244803248,0.07894736842105263
fiqa_bm25,semantic,-1,150,0.17139180061113862,0.21144444444444443,-0.08112235729176116,0.12
fiqa_bm25,semantic,0,31,0.10286443858347427,0.13440860215053763,-0.03375088304015436,0.0967741935483871
fiqa_bm25,semantic,1,20,0.10257783615298025,0.14583333333333331,-0.1744695473202345,0.05
fiqa_bm25,semantic,2,61,0.1786059846299628,0.22295081967213115,-0.05130523797946307,0.16393442622950818
fiqa_bm25,semantic,3,38,0.2519329134235725,0.2903508771929824,-0.11850173043072246,0.10526315789473684
fiqa_bm25,hyde,-1,150,0.1814464440107579,0.23199999999999998,-0.07106771389214188,0.15333333333333332
fiqa_bm25,hyde,0,31,0.10260410452845682,0.12903225806451613,-0.034011217095171825,0.12903225806451613
fiqa_bm25,hyde,1,20,0.14948240632151438,0.2333333333333333,-0.12756497715170034,0.1
fiqa_bm25,hyde,2,61,0.16414872853537343,0.2210382513661202,-0.06576249407405245,0.18032786885245902
fiqa_bm25,hyde,3,38,0.29035575774061734,0.3328947368421053,-0.08007888611367764,0.15789473684210525
fiqa_bm25,decomposed,-1,150,0.1714005898477249,0.233,-0.0811135680551749,0.14
fiqa_bm25,decomposed,0,31,0.09255948506999033,0.14516129032258066,-0.04405583655363832,0.06451612903225806
fiqa_bm25,decomposed,1,20,0.1490239965363537,0.20416666666666666,-0.12802338693686105,0.1
fiqa_bm25,decomposed,2,61,0.16874915189034248,0.24398907103825138,-0.06116207071908341,0.21311475409836064
fiqa_bm25,decomposed,3,38,0.2517517432618702,0.3021929824561404,-0.11868290059242471,0.10526315789473684
fiqa_dense,original,-1,150,0.3921141942640467,0.48439682539682544,0.0,0.0
fiqa_dense,original,0,31,0.3085738952372991,0.3817204301075268,0.0,0.0
fiqa_dense,original,1,20,0.5037822414315247,0.6166666666666666,0.0,0.0
fiqa_dense,original,2,61,0.37129632225629156,0.4709211553473848,0.0,0.0
fiqa_dense,original,3,38,0.4349109973943805,0.5201754385964912,0.0,0.0
fiqa_dense,keywords,-1,150,0.3574211195347706,0.4468412698412699,-0.03469307472927603,0.15333333333333332
fiqa_dense,keywords,0,31,0.23965169808007755,0.3548387096774194,-0.06892219715722162,0.16129032258064516
fiqa_dense,keywords,1,20,0.5059734289734673,0.6166666666666666,0.002191187541942574,0.1
fiqa_dense,keywords,2,61,0.3249938998284546,0.41190476190476183,-0.04630242242783685,0.22950819672131148
fiqa_dense,keywords,3,38,0.4273649689665295,0.4885964912280702,-0.007546028427851015,0.05263157894736842
fiqa_dense,semantic,-1,150,0.35828482428237435,0.4453333333333334,-0.03382936998167236,0.20666666666666667
fiqa_dense,semantic,0,31,0.3238759799480844,0.4301075268817204,0.01530208471078527,0.25806451612903225
fiqa_dense,semantic,1,20,0.4178807070224059,0.5333333333333333,-0.08590153440911887,0.2
fiqa_dense,semantic,2,61,0.32371101845644096,0.4144808743169399,-0.04758530379985054,0.19672131147540983
fiqa_dense,semantic,3,38,0.4104889999388032,0.46096491228070174,-0.02442199745557729,0.18421052631578946
fiqa_dense,hyde,-1,150,0.3325277311740831,0.42606349206349203,-0.05958646308996374,0.18
fiqa_dense,hyde,0,31,0.24543875027065473,0.29569892473118276,-0.06313514496664444,0.16129032258064516
fiqa_dense,hyde,1,20,0.3786529005401559,0.5583333333333333,-0.12512934089136882,0.0
fiqa_dense,hyde,2,61,0.3434145021354499,0.4313036690085871,-0.02788182012084158,0.2459016393442623
fiqa_dense,hyde,3,38,0.36182146780675234,0.45438596491228067,-0.07308952958762814,0.18421052631578946
fiqa_dense,decomposed,-1,150,0.356139528645328,0.4653968253968254,-0.035974665618718746,0.21333333333333335
fiqa_dense,decomposed,0,31,0.28035156208927925,0.3548387096774194,-0.028222333148019908,0.1935483870967742
fiqa_dense,decomposed,1,20,0.4220581072638077,0.5833333333333333,-0.08172413416771701,0.2
fiqa_dense,decomposed,2,61,0.35102157966427766,0.4793911007025761,-0.02027474259201385,0.26229508196721313
fiqa_dense,decomposed,3,38,0.39148822019038026,0.47105263157894733,-0.04342277720400027,0.15789473684210525
nfcorpus_bm25,original,-1,65,0.24510579949889155,0.25775147928994085,0.0,0.0
nfcorpus_bm25,original,0,57,0.23782268426601935,0.2342780026990553,0.0,0.0
nfcorpus_bm25,original,1,4,0.3806979023558731,0.425,0.0,0.0
nfcorpus_bm25,original,2,4,0.21329808871033812,0.425,0.0,0.0
nfcorpus_bm25,keywords,-1,65,0.2484703451357258,0.25775147928994085,0.0033645456368342833,0.07692307692307693
nfcorpus_bm25,keywords,0,57,0.24015900389867664,0.2342780026990553,0.0023363196326572832,0.03508771929824561
nfcorpus_bm25,keywords,1,4,0.38741550480669673,0.425,0.00671760245082368,0.25
nfcorpus_bm25,keywords,2,4,0.22796179809270528,0.425,0.014663709382367135,0.5
nfcorpus_bm25,semantic,-1,65,0.15727790403880704,0.18786136939983092,-0.08782789546008447,0.06153846153846154
nfcorpus_bm25,semantic,0,57,0.14430407904762868,0.1773857721226142,-0.09351860521839069,0.03508771929824561
nfcorpus_bm25,semantic,1,4,0.35200666351429444,0.3,-0.028691238841578627,0.25
nfcorpus_bm25,semantic,2,4,0.1474261506876111,0.225,-0.065871938022727,0.25
nfcorpus_bm25,hyde,-1,65,0.21162101389728188,0.20433173663942897,-0.033484785601609626,0.15384615384615385
nfcorpus_bm25,hyde,0,57,0.20270261824068037,0.19967654178180494,-0.03512006602533901,0.12280701754385964
nfcorpus_bm25,hyde,1,4,0.3352151074291516,0.3,-0.04548279492672149,0.25
nfcorpus_bm25,hyde,2,4,0.21511405847198403,0.175,0.0018159697616458997,0.5
nfcorpus_bm25,decomposed,-1,65,0.2237023503846985,0.2147609655301963,-0.021403449114193045,0.1076923076923077
nfcorpus_bm25,decomposed,0,57,0.21743995230592436,0.20630636420110102,-0.020382731960095008,0.08771929824561403
nfcorpus_bm25,decomposed,1,4,0.3687717856987799,0.325,-0.011926116657093179,0.25
nfcorpus_bm25,decomposed,2,4,0.1678720876931482,0.225,-0.04542600101718994,0.25
nfcorpus_dense,original,-1,65,0.2347861132448854,0.25276979430825586,0.0,0.0
nfcorpus_dense,original,0,57,0.2229829895038278,0.22859713386029173,0.0,0.0
nfcorpus_dense,original,1,4,0.5753121455639988,0.675,0.0,0.0
nfcorpus_dense,original,2,4,0.062454594235841966,0.175,0.0,0.0
nfcorpus_dense,keywords,-1,65,0.227978641739614,0.25276979430825586,-0.006807471505271413,0.03076923076923077
nfcorpus_dense,keywords,0,57,0.21757059498737474,0.22859713386029173,-0.005412394516453065,0.017543859649122806
nfcorpus_dense,keywords,1,4,0.5432289686457161,0.675,-0.03208317691828272,0.0
nfcorpus_dense,keywords,2,4,0.0610429810529204,0.175,-0.0014116131829215624,0.25
nfcorpus_dense,semantic,-1,65,0.21807854558936424,0.23228139381985535,-0.016707567655521147,0.12307692307692308
nfcorpus_dense,semantic,0,57,0.19550484536722654,0.20523316839106312,-0.02747814413660129,0.08771929824561403
nfcorpus_dense,semantic,1,4,0.6524623437894672,0.675,0.07715019822546848,0.25
nfcorpus_dense,semantic,2,4,0.10536997555472327,0.175,0.042915381318881306,0.5
nfcorpus_dense,hyde,-1,65,0.23130365559441898,0.26883817037663194,-0.003482457650466411,0.18461538461538463
nfcorpus_dense,hyde,0,57,0.22527370227195417,0.2486751065698434,0.0022907127681263263,0.17543859649122806
nfcorpus_dense,hyde,1,4,0.42931765066853406,0.65,-0.1459944948954647,0.0
nfcorpus_dense,hyde,2,4,0.11921649536542736,0.175,0.056761901129585395,0.5
nfcorpus_dense,decomposed,-1,65,0.21233937104887915,0.23535831689677844,-0.022446742196006262,0.1076923076923077
nfcorpus_dense,decomposed,0,57,0.20670010828447952,0.21926825611036138,-0.016282881219348323,0.08771929824561403
nfcorpus_dense,decomposed,1,4,0.4250798133119161,0.525,-0.15023233225208274,0.0
nfcorpus_dense,decomposed,2,4,0.07995842317853662,0.175,0.01750382894269465,0.5
scifact_bm25,original,-1,150,0.6061398767848605,0.7344444444444445,0.0,0.0
scifact_bm25,original,0,14,0.7656005312012975,0.8214285714285714,0.0,0.0
scifact_bm25,original,1,21,0.5311737508503471,0.6190476190476191,0.0,0.0
scifact_bm25,original,2,36,0.5935295317242593,0.7222222222222222,0.0,0.0
scifact_bm25,original,3,79,0.6035552173541809,0.7552742616033755,0.0,0.0
scifact_bm25,keywords,-1,150,0.6209204636764345,0.7411111111111112,0.014780586891574037,0.06
scifact_bm25,keywords,0,14,0.7656005312012975,0.8214285714285714,0.0,0.0
scifact_bm25,keywords,1,21,0.5487485244898015,0.6190476190476191,0.017574773639454404,0.047619047619047616
scifact_bm25,keywords,2,36,0.5997843892653633,0.7222222222222222,0.006254857541104104,0.027777777777777776
scifact_bm25,keywords,3,79,0.6240975327444064,0.7679324894514767,0.02054231539022551,0.08860759493670886
scifact_bm25,semantic,-1,150,0.5852392355606109,0.7111111111111111,-0.020900641224249526,0.17333333333333334
scifact_bm25,semantic,0,14,0.6036389215180807,0.75,-0.16196160968321666,0.0
scifact_bm25,semantic,1,21,0.5739771178048195,0.6666666666666666,0.042803366954472406,0.19047619047619047
scifact_bm25,semantic,2,36,0.6047665734395081,0.7361111111111112,0.011237041715248907,0.3055555555555556
scifact_bm25,semantic,3,79,0.576073725507785,0.7046413502109704,-0.027481491846395915,0.13924050632911392
scifact_bm25,hyde,-1,150,0.5402823139258256,0.7144444444444444,-0.06585756285903481,0.2
scifact_bm25,hyde,0,14,0.3615433079746322,0.42857142857142855,-0.4040572232266653,0.07142857142857142
scifact_bm25,hyde,1,21,0.4791241100783263,0.5714285714285714,-0.05204964077202081,0.2857142857142857
scifact_bm25,hyde,2,36,0.6129190509771978,0.8472222222222222,0.01938951925293858,0.25
scifact_bm25,hyde,3,79,0.55511453962538,0.7426160337552742,-0.04844067772880076,0.17721518987341772
scifact_bm25,decomposed,-1,150,0.5892461581891302,0.7344444444444445,-0.01689371859573039,0.19333333333333333
scifact_bm25,decomposed,0,14,0.5563617733084205,0.7142857142857143,-0.20923875789287688,0.0
scifact_bm25,decomposed,1,21,0.5678821814340823,0.7619047619047619,0.03670843058373526,0.2857142857142857
scifact_bm25,decomposed,2,36,0.6112919942861489,0.7361111111111112,0.017762462561889663,0.2777777777777778
scifact_bm25,decomposed,3,79,0.5907065987042347,0.729957805907173,-0.012848618649946202,0.16455696202531644
scifact_dense,original,-1,150,0.6435738713255216,0.7833333333333333,0.0,0.0
scifact_dense,original,0,14,0.4019074592772445,0.6071428571428571,0.0,0.0
scifact_dense,original,1,21,0.6678944525146684,0.8571428571428571,0.0,0.0
scifact_dense,original,2,36,0.6586199618339531,0.8333333333333334,0.0,0.0
scifact_dense,original,3,79,0.6730794194951452,0.7721518987341772,0.0,0.0
scifact_dense,keywords,-1,150,0.6474190955386393,0.7833333333333333,0.003845224213117615,0.12
scifact_dense,keywords,0,14,0.4691737931089746,0.5357142857142857,0.0672663338317301,0.2857142857142857
scifact_dense,keywords,1,21,0.6720464476801071,0.8571428571428571,0.004151995165438642,0.14285714285714285
scifact_dense,keywords,2,36,0.6424763632435981,0.8055555555555556,-0.016143598590354864,0.1388888888888889
scifact_dense,keywords,3,79,0.6747127436609932,0.7974683544303798,0.0016333241658479036,0.0759493670886076
scifact_dense,semantic,-1,150,0.6558562444295465,0.7933333333333333,0.012282373104024927,0.16
scifact_dense,semantic,0,14,0.5507473394949841,0.6785714285714286,0.1488398802177396,0.21428571428571427
scifact_dense,semantic,1,21,0.6253915913211368,0.8571428571428571,-0.042502861193531735,0.23809523809523808
scifact_dense,semantic,2,36,0.6782080923057181,0.8333333333333334,0.01958813047176509,0.19444444444444445
scifact_dense,semantic,3,79,0.6723956857057276,0.7784810126582279,-0.0006837337894176297,0.11392405063291139
scifact_dense,hyde,-1,150,0.679462681467481,0.8644444444444446,0.03588881014195938,0.25333333333333335
scifact_dense,hyde,0,14,0.5525357164457408,0.6785714285714286,0.1506282571684963,0.2857142857142857
scifact_dense,hyde,1,21,0.6747890102932282,0.9523809523809523,0.006894557778559888,0.38095238095238093
scifact_dense,hyde,2,36,0.7022389614054441,0.8611111111111112,0.043618999571491034,0.2777777777777778
scifact_dense,hyde,3,79,0.6928193716851645,0.8755274261603374,0.019739952190019307,0.20253164556962025
scifact_dense,decomposed,-1,150,0.6458003281840142,0.8,0.002226456858492723,0.2
scifact_dense,decomposed,0,14,0.47803829037259343,0.5714285714285714,0.07613083109534895,0.21428571428571427
scifact_dense,decomposed,1,21,0.6734361577732295,0.8571428571428571,0.005541705258561178,0.23809523809523808
scifact_dense,decomposed,2,36,0.672813177637431,0.8333333333333334,0.014193215803477923,0.2777777777777778
scifact_dense,decomposed,3,79,0.6558744234708924,0.810126582278481,-0.01720499602425275,0.1518987341772152
