environment,seed,budget,method,ndcg,delta_vs_source_router,recall_at_10,delta_recall_at_10_vs_source_router,changed_action_fraction,measured_onboarding_generation_seconds,onboarding_search_calls,onboarding_sample_calls,onboarding_llm_calls,onboarding_input_tokens,onboarding_output_tokens,mean_task_search_calls,mean_task_sample_calls,mean_task_llm_calls,mean_task_input_tokens,mean_task_output_tokens,corpus_name,backend,selected_probe_pairs
fiqa_bm25,11,0,source_router,0.25251415790289977,0.0,0.3233333333333333,0.0,0.0,0.0,0.0,0.0,0.0,0.0,0.0,1.0,0.0,0.0,0.0,0.0,fiqa,bm25,0
fiqa_bm25,11,4,source_router,0.25251415790289977,0.0,0.3233333333333333,0.0,0.0,0.0,0.0,0.0,0.0,0.0,0.0,1.0,0.0,0.0,0.0,0.0,fiqa,bm25,0
fiqa_bm25,11,8,source_router,0.25251415790289977,0.0,0.3233333333333333,0.0,0.0,0.0,0.0,0.0,0.0,0.0,0.0,1.0,0.0,0.0,0.0,0.0,fiqa,bm25,0
fiqa_bm25,11,16,source_router,0.25251415790289977,0.0,0.3233333333333333,0.0,0.0,0.0,0.0,0.0,0.0,0.0,0.0,1.0,0.0,0.0,0.0,0.0,fiqa,bm25,0
fiqa_bm25,11,32,source_router,0.25251415790289977,0.0,0.3233333333333333,0.0,0.0,0.0,0.0,0.0,0.0,0.0,0.0,1.0,0.0,0.0,0.0,0.0,fiqa,bm25,0
fiqa_bm25,11,0,random,0.25251415790289977,0.0,0.3233333333333333,0.0,0.0,0.0,0.0,0.0,0.0,0.0,0.0,1.0,0.0,0.0,0.0,0.0,fiqa,bm25,0
fiqa_bm25,11,4,random,0.25251415790289977,0.0,0.3233333333333333,0.0,0.0,74.45561634347541,8.0,16.0,48.0,20434.0,5505.0,1.0,0.0,0.0,0.0,0.0,fiqa,bm25,4
fiqa_bm25,11,8,random,0.25251415790289977,0.0,0.3233333333333333,0.0,0.0,74.45561634347541,16.0,16.0,48.0,20434.0,5505.0,1.0,0.0,0.0,0.0,0.0,fiqa,bm25,8
fiqa_bm25,11,16,random,0.25251415790289977,0.0,0.3233333333333333,0.0,0.0,74.45561634347541,35.0,16.0,48.0,20434.0,5505.0,1.0,0.0,0.0,0.0,0.0,fiqa,bm25,16
fiqa_bm25,11,32,random,0.25251415790289977,0.0,0.3233333333333333,0.0,0.0,74.45561634347541,73.0,16.0,48.0,20434.0,5505.0,1.0,0.0,0.0,0.0,0.0,fiqa,bm25,32
fiqa_bm25,11,0,fixed,0.25251415790289977,0.0,0.3233333333333333,0.0,0.0,0.0,0.0,0.0,0.0,0.0,0.0,1.0,0.0,0.0,0.0,0.0,fiqa,bm25,0
fiqa_bm25,11,4,fixed,0.25251415790289977,0.0,0.3233333333333333,0.0,0.0,74.45561634347541,9.0,16.0,48.0,20434.0,5505.0,1.0,0.0,0.0,0.0,0.0,fiqa,bm25,4
fiqa_bm25,11,8,fixed,0.25251415790289977,0.0,0.3233333333333333,0.0,0.0,74.45561634347541,18.0,16.0,48.0,20434.0,5505.0,1.0,0.0,0.0,0.0,0.0,fiqa,bm25,8
fiqa_bm25,11,16,fixed,0.25251415790289977,0.0,0.3233333333333333,0.0,0.0,74.45561634347541,36.0,16.0,48.0,20434.0,5505.0,1.0,0.0,0.0,0.0,0.0,fiqa,bm25,16
fiqa_bm25,11,32,fixed,0.25251415790289977,0.0,0.3233333333333333,0.0,0.0,74.45561634347541,72.0,16.0,48.0,20434.0,5505.0,1.0,0.0,0.0,0.0,0.0,fiqa,bm25,32
fiqa_bm25,11,0,information_gain,0.25251415790289977,0.0,0.3233333333333333,0.0,0.0,0.0,0.0,0.0,0.0,0.0,0.0,1.0,0.0,0.0,0.0,0.0,fiqa,bm25,0
fiqa_bm25,11,4,information_gain,0.25251415790289977,0.0,0.3233333333333333,0.0,0.0,74.45561634347541,8.0,16.0,48.0,20434.0,5505.0,1.0,0.0,0.0,0.0,0.0,fiqa,bm25,4
fiqa_bm25,11,8,information_gain,0.25251415790289977,0.0,0.3233333333333333,0.0,0.0,74.45561634347541,16.0,16.0,48.0,20434.0,5505.0,1.0,0.0,0.0,0.0,0.0,fiqa,bm25,8
fiqa_bm25,11,16,information_gain,0.25251415790289977,0.0,0.3233333333333333,0.0,0.0,74.45561634347541,32.0,16.0,48.0,20434.0,5505.0,1.0,0.0,0.0,0.0,0.0,fiqa,bm25,16
fiqa_bm25,11,32,information_gain,0.25251415790289977,0.0,0.3233333333333333,0.0,0.0,74.45561634347541,64.0,16.0,48.0,20434.0,5505.0,1.0,0.0,0.0,0.0,0.0,fiqa,bm25,32
fiqa_bm25,11,0,learned_value,0.25251415790289977,0.0,0.3233333333333333,0.0,0.0,0.0,0.0,0.0,0.0,0.0,0.0,1.0,0.0,0.0,0.0,0.0,fiqa,bm25,0
fiqa_bm25,11,4,learned_value,0.25251415790289977,0.0,0.3233333333333333,0.0,0.0,74.45561634347541,8.0,16.0,48.0,20434.0,5505.0,1.0,0.0,0.0,0.0,0.0,fiqa,bm25,4
fiqa_bm25,11,8,learned_value,0.25251415790289977,0.0,0.3233333333333333,0.0,0.0,74.45561634347541,16.0,16.0,48.0,20434.0,5505.0,1.0,0.0,0.0,0.0,0.0,fiqa,bm25,8
fiqa_bm25,11,16,learned_value,0.25251415790289977,0.0,0.3233333333333333,0.0,0.0,74.45561634347541,35.0,16.0,48.0,20434.0,5505.0,1.0,0.0,0.0,0.0,0.0,fiqa,bm25,16
fiqa_bm25,11,32,learned_value,0.25251415790289977,0.0,0.3233333333333333,0.0,0.0,74.45561634347541,73.0,16.0,48.0,20434.0,5505.0,1.0,0.0,0.0,0.0,0.0,fiqa,bm25,32
fiqa_bm25,23,0,source_router,0.25251415790289977,0.0,0.3233333333333333,0.0,0.0,0.0,0.0,0.0,0.0,0.0,0.0,1.0,0.0,0.0,0.0,0.0,fiqa,bm25,0
fiqa_bm25,23,4,source_router,0.25251415790289977,0.0,0.3233333333333333,0.0,0.0,0.0,0.0,0.0,0.0,0.0,0.0,1.0,0.0,0.0,0.0,0.0,fiqa,bm25,0
fiqa_bm25,23,8,source_router,0.25251415790289977,0.0,0.3233333333333333,0.0,0.0,0.0,0.0,0.0,0.0,0.0,0.0,1.0,0.0,0.0,0.0,0.0,fiqa,bm25,0
fiqa_bm25,23,16,source_router,0.25251415790289977,0.0,0.3233333333333333,0.0,0.0,0.0,0.0,0.0,0.0,0.0,0.0,1.0,0.0,0.0,0.0,0.0,fiqa,bm25,0
fiqa_bm25,23,32,source_router,0.25251415790289977,0.0,0.3233333333333333,0.0,0.0,0.0,0.0,0.0,0.0,0.0,0.0,1.0,0.0,0.0,0.0,0.0,fiqa,bm25,0
fiqa_bm25,23,0,random,0.25251415790289977,0.0,0.3233333333333333,0.0,0.0,0.0,0.0,0.0,0.0,0.0,0.0,1.0,0.0,0.0,0.0,0.0,fiqa,bm25,0
fiqa_bm25,23,4,random,0.25251415790289977,0.0,0.3233333333333333,0.0,0.0,73.66888182834373,8.0,16.0,48.0,19861.0,5219.0,1.0,0.0,0.0,0.0,0.0,fiqa,bm25,4
fiqa_bm25,23,8,random,0.25251415790289977,0.0,0.3233333333333333,0.0,0.0,73.66888182834373,17.0,16.0,48.0,19861.0,5219.0,1.0,0.0,0.0,0.0,0.0,fiqa,bm25,8
fiqa_bm25,23,16,random,0.25251415790289977,0.0,0.3233333333333333,0.0,0.0,73.66888182834373,34.0,16.0,48.0,19861.0,5219.0,1.0,0.0,0.0,0.0,0.0,fiqa,bm25,16
fiqa_bm25,23,32,random,0.25251415790289977,0.0,0.3233333333333333,0.0,0.0,73.66888182834373,71.0,16.0,48.0,19861.0,5219.0,1.0,0.0,0.0,0.0,0.0,fiqa,bm25,32
fiqa_bm25,23,0,fixed,0.25251415790289977,0.0,0.3233333333333333,0.0,0.0,0.0,0.0,0.0,0.0,0.0,0.0,1.0,0.0,0.0,0.0,0.0,fiqa,bm25,0
fiqa_bm25,23,4,fixed,0.25251415790289977,0.0,0.3233333333333333,0.0,0.0,73.66888182834373,9.0,16.0,48.0,19861.0,5219.0,1.0,0.0,0.0,0.0,0.0,fiqa,bm25,4
fiqa_bm25,23,8,fixed,0.25251415790289977,0.0,0.3233333333333333,0.0,0.0,73.66888182834373,18.0,16.0,48.0,19861.0,5219.0,1.0,0.0,0.0,0.0,0.0,fiqa,bm25,8
fiqa_bm25,23,16,fixed,0.25251415790289977,0.0,0.3233333333333333,0.0,0.0,73.66888182834373,36.0,16.0,48.0,19861.0,5219.0,1.0,0.0,0.0,0.0,0.0,fiqa,bm25,16
fiqa_bm25,23,32,fixed,0.25251415790289977,0.0,0.3233333333333333,0.0,0.0,73.66888182834373,72.0,16.0,48.0,19861.0,5219.0,1.0,0.0,0.0,0.0,0.0,fiqa,bm25,32
fiqa_bm25,23,0,information_gain,0.25251415790289977,0.0,0.3233333333333333,0.0,0.0,0.0,0.0,0.0,0.0,0.0,0.0,1.0,0.0,0.0,0.0,0.0,fiqa,bm25,0
fiqa_bm25,23,4,information_gain,0.25251415790289977,0.0,0.3233333333333333,0.0,0.0,73.66888182834373,8.0,16.0,48.0,19861.0,5219.0,1.0,0.0,0.0,0.0,0.0,fiqa,bm25,4
fiqa_bm25,23,8,information_gain,0.25251415790289977,0.0,0.3233333333333333,0.0,0.0,73.66888182834373,16.0,16.0,48.0,19861.0,5219.0,1.0,0.0,0.0,0.0,0.0,fiqa,bm25,8
fiqa_bm25,23,16,information_gain,0.25251415790289977,0.0,0.3233333333333333,0.0,0.0,73.66888182834373,32.0,16.0,48.0,19861.0,5219.0,1.0,0.0,0.0,0.0,0.0,fiqa,bm25,16
fiqa_bm25,23,32,information_gain,0.25251415790289977,0.0,0.3233333333333333,0.0,0.0,73.66888182834373,64.0,16.0,48.0,19861.0,5219.0,1.0,0.0,0.0,0.0,0.0,fiqa,bm25,32
fiqa_bm25,23,0,learned_value,0.25251415790289977,0.0,0.3233333333333333,0.0,0.0,0.0,0.0,0.0,0.0,0.0,0.0,1.0,0.0,0.0,0.0,0.0,fiqa,bm25,0
fiqa_bm25,23,4,learned_value,0.25251415790289977,0.0,0.3233333333333333,0.0,0.0,73.66888182834373,8.0,16.0,48.0,19861.0,5219.0,1.0,0.0,0.0,0.0,0.0,fiqa,bm25,4
fiqa_bm25,23,8,learned_value,0.25251415790289977,0.0,0.3233333333333333,0.0,0.0,73.66888182834373,17.0,16.0,48.0,19861.0,5219.0,1.0,0.0,0.0,0.0,0.0,fiqa,bm25,8
fiqa_bm25,23,16,learned_value,0.25251415790289977,0.0,0.3233333333333333,0.0,0.0,73.66888182834373,34.0,16.0,48.0,19861.0,5219.0,1.0,0.0,0.0,0.0,0.0,fiqa,bm25,16
fiqa_bm25,23,32,learned_value,0.25251415790289977,0.0,0.3233333333333333,0.0,0.0,73.66888182834373,71.0,16.0,48.0,19861.0,5219.0,1.0,0.0,0.0,0.0,0.0,fiqa,bm25,32
fiqa_bm25,47,0,source_router,0.25251415790289977,0.0,0.3233333333333333,0.0,0.0,0.0,0.0,0.0,0.0,0.0,0.0,1.0,0.0,0.0,0.0,0.0,fiqa,bm25,0
fiqa_bm25,47,4,source_router,0.25251415790289977,0.0,0.3233333333333333,0.0,0.0,0.0,0.0,0.0,0.0,0.0,0.0,1.0,0.0,0.0,0.0,0.0,fiqa,bm25,0
fiqa_bm25,47,8,source_router,0.25251415790289977,0.0,0.3233333333333333,0.0,0.0,0.0,0.0,0.0,0.0,0.0,0.0,1.0,0.0,0.0,0.0,0.0,fiqa,bm25,0
fiqa_bm25,47,16,source_router,0.25251415790289977,0.0,0.3233333333333333,0.0,0.0,0.0,0.0,0.0,0.0,0.0,0.0,1.0,0.0,0.0,0.0,0.0,fiqa,bm25,0
fiqa_bm25,47,32,source_router,0.25251415790289977,0.0,0.3233333333333333,0.0,0.0,0.0,0.0,0.0,0.0,0.0,0.0,1.0,0.0,0.0,0.0,0.0,fiqa,bm25,0
fiqa_bm25,47,0,random,0.25251415790289977,0.0,0.3233333333333333,0.0,0.0,0.0,0.0,0.0,0.0,0.0,0.0,1.0,0.0,0.0,0.0,0.0,fiqa,bm25,0
fiqa_bm25,47,4,random,0.25251415790289977,0.0,0.3233333333333333,0.0,0.0,76.39591286834911,10.0,16.0,48.0,19549.0,5067.0,1.0,0.0,0.0,0.0,0.0,fiqa,bm25,4
fiqa_bm25,47,8,random,0.25251415790289977,0.0,0.3233333333333333,0.0,0.0,76.39591286834911,18.0,16.0,48.0,19549.0,5067.0,1.0,0.0,0.0,0.0,0.0,fiqa,bm25,8
fiqa_bm25,47,16,random,0.25251415790289977,0.0,0.3233333333333333,0.0,0.0,76.39591286834911,35.0,16.0,48.0,19549.0,5067.0,1.0,0.0,0.0,0.0,0.0,fiqa,bm25,16
fiqa_bm25,47,32,random,0.25251415790289977,0.0,0.3233333333333333,0.0,0.0,76.39591286834911,71.0,16.0,48.0,19549.0,5067.0,1.0,0.0,0.0,0.0,0.0,fiqa,bm25,32
fiqa_bm25,47,0,fixed,0.25251415790289977,0.0,0.3233333333333333,0.0,0.0,0.0,0.0,0.0,0.0,0.0,0.0,1.0,0.0,0.0,0.0,0.0,fiqa,bm25,0
fiqa_bm25,47,4,fixed,0.25251415790289977,0.0,0.3233333333333333,0.0,0.0,76.39591286834911,9.0,16.0,48.0,19549.0,5067.0,1.0,0.0,0.0,0.0,0.0,fiqa,bm25,4
fiqa_bm25,47,8,fixed,0.25251415790289977,0.0,0.3233333333333333,0.0,0.0,76.39591286834911,18.0,16.0,48.0,19549.0,5067.0,1.0,0.0,0.0,0.0,0.0,fiqa,bm25,8
fiqa_bm25,47,16,fixed,0.25251415790289977,0.0,0.3233333333333333,0.0,0.0,76.39591286834911,36.0,16.0,48.0,19549.0,5067.0,1.0,0.0,0.0,0.0,0.0,fiqa,bm25,16
fiqa_bm25,47,32,fixed,0.25251415790289977,0.0,0.3233333333333333,0.0,0.0,76.39591286834911,72.0,16.0,48.0,19549.0,5067.0,1.0,0.0,0.0,0.0,0.0,fiqa,bm25,32
fiqa_bm25,47,0,information_gain,0.25251415790289977,0.0,0.3233333333333333,0.0,0.0,0.0,0.0,0.0,0.0,0.0,0.0,1.0,0.0,0.0,0.0,0.0,fiqa,bm25,0
fiqa_bm25,47,4,information_gain,0.25251415790289977,0.0,0.3233333333333333,0.0,0.0,76.39591286834911,8.0,16.0,48.0,19549.0,5067.0,1.0,0.0,0.0,0.0,0.0,fiqa,bm25,4
fiqa_bm25,47,8,information_gain,0.25251415790289977,0.0,0.3233333333333333,0.0,0.0,76.39591286834911,16.0,16.0,48.0,19549.0,5067.0,1.0,0.0,0.0,0.0,0.0,fiqa,bm25,8
fiqa_bm25,47,16,information_gain,0.25251415790289977,0.0,0.3233333333333333,0.0,0.0,76.39591286834911,32.0,16.0,48.0,19549.0,5067.0,1.0,0.0,0.0,0.0,0.0,fiqa,bm25,16
fiqa_bm25,47,32,information_gain,0.25251415790289977,0.0,0.3233333333333333,0.0,0.0,76.39591286834911,64.0,16.0,48.0,19549.0,5067.0,1.0,0.0,0.0,0.0,0.0,fiqa,bm25,32
fiqa_bm25,47,0,learned_value,0.25251415790289977,0.0,0.3233333333333333,0.0,0.0,0.0,0.0,0.0,0.0,0.0,0.0,1.0,0.0,0.0,0.0,0.0,fiqa,bm25,0
fiqa_bm25,47,4,learned_value,0.25251415790289977,0.0,0.3233333333333333,0.0,0.0,76.39591286834911,10.0,16.0,48.0,19549.0,5067.0,1.0,0.0,0.0,0.0,0.0,fiqa,bm25,4
fiqa_bm25,47,8,learned_value,0.25251415790289977,0.0,0.3233333333333333,0.0,0.0,76.39591286834911,18.0,16.0,48.0,19549.0,5067.0,1.0,0.0,0.0,0.0,0.0,fiqa,bm25,8
fiqa_bm25,47,16,learned_value,0.25251415790289977,0.0,0.3233333333333333,0.0,0.0,76.39591286834911,35.0,16.0,48.0,19549.0,5067.0,1.0,0.0,0.0,0.0,0.0,fiqa,bm25,16
fiqa_bm25,47,32,learned_value,0.25251415790289977,0.0,0.3233333333333333,0.0,0.0,76.39591286834911,71.0,16.0,48.0,19549.0,5067.0,1.0,0.0,0.0,0.0,0.0,fiqa,bm25,32
fiqa_dense,11,0,source_router,0.3325277311740831,0.0,0.42606349206349203,0.0,0.0,0.0,0.0,0.0,0.0,0.0,0.0,1.0,0.0,1.0,393.93333333333334,124.31333333333333,fiqa,dense,0
fiqa_dense,11,4,source_router,0.3325277311740831,0.0,0.42606349206349203,0.0,0.0,0.0,0.0,0.0,0.0,0.0,0.0,1.0,0.0,1.0,393.93333333333334,124.31333333333333,fiqa,dense,0
fiqa_dense,11,8,source_router,0.3325277311740831,0.0,0.42606349206349203,0.0,0.0,0.0,0.0,0.0,0.0,0.0,0.0,1.0,0.0,1.0,393.93333333333334,124.31333333333333,fiqa,dense,0
fiqa_dense,11,16,source_router,0.3325277311740831,0.0,0.42606349206349203,0.0,0.0,0.0,0.0,0.0,0.0,0.0,0.0,1.0,0.0,1.0,393.93333333333334,124.31333333333333,fiqa,dense,0
fiqa_dense,11,32,source_router,0.3325277311740831,0.0,0.42606349206349203,0.0,0.0,0.0,0.0,0.0,0.0,0.0,0.0,1.0,0.0,1.0,393.93333333333334,124.31333333333333,fiqa,dense,0
fiqa_dense,11,0,random,0.3325277311740831,0.0,0.42606349206349203,0.0,0.0,0.0,0.0,0.0,0.0,0.0,0.0,1.0,0.0,1.0,393.93333333333334,124.31333333333333,fiqa,dense,0
fiqa_dense,11,4,random,0.3325277311740831,0.0,0.42606349206349203,0.0,0.0,74.45561634347541,8.0,16.0,48.0,20434.0,5505.0,1.0,0.0,1.0,393.93333333333334,124.31333333333333,fiqa,dense,4
fiqa_dense,11,8,random,0.3325277311740831,0.0,0.42606349206349203,0.0,0.0,74.45561634347541,16.0,16.0,48.0,20434.0,5505.0,1.0,0.0,1.0,393.93333333333334,124.31333333333333,fiqa,dense,8
fiqa_dense,11,16,random,0.3325277311740831,0.0,0.42606349206349203,0.0,0.0,74.45561634347541,35.0,16.0,48.0,20434.0,5505.0,1.0,0.0,1.0,393.93333333333334,124.31333333333333,fiqa,dense,16
fiqa_dense,11,32,random,0.3325277311740831,0.0,0.42606349206349203,0.0,0.0,74.45561634347541,73.0,16.0,48.0,20434.0,5505.0,1.0,0.0,1.0,393.93333333333334,124.31333333333333,fiqa,dense,32
fiqa_dense,11,0,fixed,0.3325277311740831,0.0,0.42606349206349203,0.0,0.0,0.0,0.0,0.0,0.0,0.0,0.0,1.0,0.0,1.0,393.93333333333334,124.31333333333333,fiqa,dense,0
fiqa_dense,11,4,fixed,0.3325277311740831,0.0,0.42606349206349203,0.0,0.0,74.45561634347541,9.0,16.0,48.0,20434.0,5505.0,1.0,0.0,1.0,393.93333333333334,124.31333333333333,fiqa,dense,4
fiqa_dense,11,8,fixed,0.3325277311740831,0.0,0.42606349206349203,0.0,0.0,74.45561634347541,18.0,16.0,48.0,20434.0,5505.0,1.0,0.0,1.0,393.93333333333334,124.31333333333333,fiqa,dense,8
fiqa_dense,11,16,fixed,0.3325277311740831,0.0,0.42606349206349203,0.0,0.0,74.45561634347541,36.0,16.0,48.0,20434.0,5505.0,1.0,0.0,1.0,393.93333333333334,124.31333333333333,fiqa,dense,16
fiqa_dense,11,32,fixed,0.3325277311740831,0.0,0.42606349206349203,0.0,0.0,74.45561634347541,72.0,16.0,48.0,20434.0,5505.0,1.0,0.0,1.0,393.93333333333334,124.31333333333333,fiqa,dense,32
fiqa_dense,11,0,information_gain,0.3325277311740831,0.0,0.42606349206349203,0.0,0.0,0.0,0.0,0.0,0.0,0.0,0.0,1.0,0.0,1.0,393.93333333333334,124.31333333333333,fiqa,dense,0
fiqa_dense,11,4,information_gain,0.3325277311740831,0.0,0.42606349206349203,0.0,0.0,74.45561634347541,8.0,16.0,48.0,20434.0,5505.0,1.0,0.0,1.0,393.93333333333334,124.31333333333333,fiqa,dense,4
fiqa_dense,11,8,information_gain,0.3325277311740831,0.0,0.42606349206349203,0.0,0.0,74.45561634347541,16.0,16.0,48.0,20434.0,5505.0,1.0,0.0,1.0,393.93333333333334,124.31333333333333,fiqa,dense,8
fiqa_dense,11,16,information_gain,0.3325277311740831,0.0,0.42606349206349203,0.0,0.0,74.45561634347541,32.0,16.0,48.0,20434.0,5505.0,1.0,0.0,1.0,393.93333333333334,124.31333333333333,fiqa,dense,16
fiqa_dense,11,32,information_gain,0.3325277311740831,0.0,0.42606349206349203,0.0,0.0,74.45561634347541,65.0,16.0,48.0,20434.0,5505.0,1.0,0.0,1.0,393.93333333333334,124.31333333333333,fiqa,dense,32
fiqa_dense,11,0,learned_value,0.3325277311740831,0.0,0.42606349206349203,0.0,0.0,0.0,0.0,0.0,0.0,0.0,0.0,1.0,0.0,1.0,393.93333333333334,124.31333333333333,fiqa,dense,0
fiqa_dense,11,4,learned_value,0.3325277311740831,0.0,0.42606349206349203,0.0,0.0,74.45561634347541,8.0,16.0,48.0,20434.0,5505.0,1.0,0.0,1.0,393.93333333333334,124.31333333333333,fiqa,dense,4
fiqa_dense,11,8,learned_value,0.3325277311740831,0.0,0.42606349206349203,0.0,0.0,74.45561634347541,16.0,16.0,48.0,20434.0,5505.0,1.0,0.0,1.0,393.93333333333334,124.31333333333333,fiqa,dense,8
fiqa_dense,11,16,learned_value,0.3325277311740831,0.0,0.42606349206349203,0.0,0.0,74.45561634347541,35.0,16.0,48.0,20434.0,5505.0,1.0,0.0,1.0,393.93333333333334,124.31333333333333,fiqa,dense,16
fiqa_dense,11,32,learned_value,0.3325277311740831,0.0,0.42606349206349203,0.0,0.0,74.45561634347541,73.0,16.0,48.0,20434.0,5505.0,1.0,0.0,1.0,393.93333333333334,124.31333333333333,fiqa,dense,32
fiqa_dense,23,0,source_router,0.3325277311740831,0.0,0.42606349206349203,0.0,0.0,0.0,0.0,0.0,0.0,0.0,0.0,1.0,0.0,1.0,393.93333333333334,124.31333333333333,fiqa,dense,0
fiqa_dense,23,4,source_router,0.3325277311740831,0.0,0.42606349206349203,0.0,0.0,0.0,0.0,0.0,0.0,0.0,0.0,1.0,0.0,1.0,393.93333333333334,124.31333333333333,fiqa,dense,0
fiqa_dense,23,8,source_router,0.3325277311740831,0.0,0.42606349206349203,0.0,0.0,0.0,0.0,0.0,0.0,0.0,0.0,1.0,0.0,1.0,393.93333333333334,124.31333333333333,fiqa,dense,0
fiqa_dense,23,16,source_router,0.3325277311740831,0.0,0.42606349206349203,0.0,0.0,0.0,0.0,0.0,0.0,0.0,0.0,1.0,0.0,1.0,393.93333333333334,124.31333333333333,fiqa,dense,0
fiqa_dense,23,32,source_router,0.3325277311740831,0.0,0.42606349206349203,0.0,0.0,0.0,0.0,0.0,0.0,0.0,0.0,1.0,0.0,1.0,393.93333333333334,124.31333333333333,fiqa,dense,0
fiqa_dense,23,0,random,0.3325277311740831,0.0,0.42606349206349203,0.0,0.0,0.0,0.0,0.0,0.0,0.0,0.0,1.0,0.0,1.0,393.93333333333334,124.31333333333333,fiqa,dense,0
fiqa_dense,23,4,random,0.3325277311740831,0.0,0.42606349206349203,0.0,0.0,73.66888182834373,8.0,16.0,48.0,19861.0,5219.0,1.0,0.0,1.0,393.93333333333334,124.31333333333333,fiqa,dense,4
fiqa_dense,23,8,random,0.3325277311740831,0.0,0.42606349206349203,0.0,0.0,73.66888182834373,17.0,16.0,48.0,19861.0,5219.0,1.0,0.0,1.0,393.93333333333334,124.31333333333333,fiqa,dense,8
fiqa_dense,23,16,random,0.3325277311740831,0.0,0.42606349206349203,0.0,0.0,73.66888182834373,34.0,16.0,48.0,19861.0,5219.0,1.0,0.0,1.0,393.93333333333334,124.31333333333333,fiqa,dense,16
fiqa_dense,23,32,random,0.3325277311740831,0.0,0.42606349206349203,0.0,0.0,73.66888182834373,71.0,16.0,48.0,19861.0,5219.0,1.0,0.0,1.0,393.93333333333334,124.31333333333333,fiqa,dense,32
fiqa_dense,23,0,fixed,0.3325277311740831,0.0,0.42606349206349203,0.0,0.0,0.0,0.0,0.0,0.0,0.0,0.0,1.0,0.0,1.0,393.93333333333334,124.31333333333333,fiqa,dense,0
fiqa_dense,23,4,fixed,0.3325277311740831,0.0,0.42606349206349203,0.0,0.0,73.66888182834373,9.0,16.0,48.0,19861.0,5219.0,1.0,0.0,1.0,393.93333333333334,124.31333333333333,fiqa,dense,4
fiqa_dense,23,8,fixed,0.3325277311740831,0.0,0.42606349206349203,0.0,0.0,73.66888182834373,18.0,16.0,48.0,19861.0,5219.0,1.0,0.0,1.0,393.93333333333334,124.31333333333333,fiqa,dense,8
fiqa_dense,23,16,fixed,0.3325277311740831,0.0,0.42606349206349203,0.0,0.0,73.66888182834373,36.0,16.0,48.0,19861.0,5219.0,1.0,0.0,1.0,393.93333333333334,124.31333333333333,fiqa,dense,16
fiqa_dense,23,32,fixed,0.3325277311740831,0.0,0.42606349206349203,0.0,0.0,73.66888182834373,72.0,16.0,48.0,19861.0,5219.0,1.0,0.0,1.0,393.93333333333334,124.31333333333333,fiqa,dense,32
fiqa_dense,23,0,information_gain,0.3325277311740831,0.0,0.42606349206349203,0.0,0.0,0.0,0.0,0.0,0.0,0.0,0.0,1.0,0.0,1.0,393.93333333333334,124.31333333333333,fiqa,dense,0
fiqa_dense,23,4,information_gain,0.3325277311740831,0.0,0.42606349206349203,0.0,0.0,73.66888182834373,8.0,16.0,48.0,19861.0,5219.0,1.0,0.0,1.0,393.93333333333334,124.31333333333333,fiqa,dense,4
fiqa_dense,23,8,information_gain,0.3325277311740831,0.0,0.42606349206349203,0.0,0.0,73.66888182834373,16.0,16.0,48.0,19861.0,5219.0,1.0,0.0,1.0,393.93333333333334,124.31333333333333,fiqa,dense,8
fiqa_dense,23,16,information_gain,0.3325277311740831,0.0,0.42606349206349203,0.0,0.0,73.66888182834373,32.0,16.0,48.0,19861.0,5219.0,1.0,0.0,1.0,393.93333333333334,124.31333333333333,fiqa,dense,16
fiqa_dense,23,32,information_gain,0.3325277311740831,0.0,0.42606349206349203,0.0,0.0,73.66888182834373,65.0,16.0,48.0,19861.0,5219.0,1.0,0.0,1.0,393.93333333333334,124.31333333333333,fiqa,dense,32
fiqa_dense,23,0,learned_value,0.3325277311740831,0.0,0.42606349206349203,0.0,0.0,0.0,0.0,0.0,0.0,0.0,0.0,1.0,0.0,1.0,393.93333333333334,124.31333333333333,fiqa,dense,0
fiqa_dense,23,4,learned_value,0.3325277311740831,0.0,0.42606349206349203,0.0,0.0,73.66888182834373,8.0,16.0,48.0,19861.0,5219.0,1.0,0.0,1.0,393.93333333333334,124.31333333333333,fiqa,dense,4
fiqa_dense,23,8,learned_value,0.3325277311740831,0.0,0.42606349206349203,0.0,0.0,73.66888182834373,17.0,16.0,48.0,19861.0,5219.0,1.0,0.0,1.0,393.93333333333334,124.31333333333333,fiqa,dense,8
fiqa_dense,23,16,learned_value,0.3325277311740831,0.0,0.42606349206349203,0.0,0.0,73.66888182834373,34.0,16.0,48.0,19861.0,5219.0,1.0,0.0,1.0,393.93333333333334,124.31333333333333,fiqa,dense,16
fiqa_dense,23,32,learned_value,0.3325277311740831,0.0,0.42606349206349203,0.0,0.0,73.66888182834373,71.0,16.0,48.0,19861.0,5219.0,1.0,0.0,1.0,393.93333333333334,124.31333333333333,fiqa,dense,32
fiqa_dense,47,0,source_router,0.3325277311740831,0.0,0.42606349206349203,0.0,0.0,0.0,0.0,0.0,0.0,0.0,0.0,1.0,0.0,1.0,393.93333333333334,124.31333333333333,fiqa,dense,0
fiqa_dense,47,4,source_router,0.3325277311740831,0.0,0.42606349206349203,0.0,0.0,0.0,0.0,0.0,0.0,0.0,0.0,1.0,0.0,1.0,393.93333333333334,124.31333333333333,fiqa,dense,0
fiqa_dense,47,8,source_router,0.3325277311740831,0.0,0.42606349206349203,0.0,0.0,0.0,0.0,0.0,0.0,0.0,0.0,1.0,0.0,1.0,393.93333333333334,124.31333333333333,fiqa,dense,0
fiqa_dense,47,16,source_router,0.3325277311740831,0.0,0.42606349206349203,0.0,0.0,0.0,0.0,0.0,0.0,0.0,0.0,1.0,0.0,1.0,393.93333333333334,124.31333333333333,fiqa,dense,0
fiqa_dense,47,32,source_router,0.3325277311740831,0.0,0.42606349206349203,0.0,0.0,0.0,0.0,0.0,0.0,0.0,0.0,1.0,0.0,1.0,393.93333333333334,124.31333333333333,fiqa,dense,0
fiqa_dense,47,0,random,0.3325277311740831,0.0,0.42606349206349203,0.0,0.0,0.0,0.0,0.0,0.0,0.0,0.0,1.0,0.0,1.0,393.93333333333334,124.31333333333333,fiqa,dense,0
fiqa_dense,47,4,random,0.3325277311740831,0.0,0.42606349206349203,0.0,0.0,76.39591286834911,10.0,16.0,48.0,19549.0,5067.0,1.0,0.0,1.0,393.93333333333334,124.31333333333333,fiqa,dense,4
fiqa_dense,47,8,random,0.3325277311740831,0.0,0.42606349206349203,0.0,0.0,76.39591286834911,18.0,16.0,48.0,19549.0,5067.0,1.0,0.0,1.0,393.93333333333334,124.31333333333333,fiqa,dense,8
fiqa_dense,47,16,random,0.3325277311740831,0.0,0.42606349206349203,0.0,0.0,76.39591286834911,35.0,16.0,48.0,19549.0,5067.0,1.0,0.0,1.0,393.93333333333334,124.31333333333333,fiqa,dense,16
fiqa_dense,47,32,random,0.3325277311740831,0.0,0.42606349206349203,0.0,0.0,76.39591286834911,71.0,16.0,48.0,19549.0,5067.0,1.0,0.0,1.0,393.93333333333334,124.31333333333333,fiqa,dense,32
fiqa_dense,47,0,fixed,0.3325277311740831,0.0,0.42606349206349203,0.0,0.0,0.0,0.0,0.0,0.0,0.0,0.0,1.0,0.0,1.0,393.93333333333334,124.31333333333333,fiqa,dense,0
fiqa_dense,47,4,fixed,0.3325277311740831,0.0,0.42606349206349203,0.0,0.0,76.39591286834911,9.0,16.0,48.0,19549.0,5067.0,1.0,0.0,1.0,393.93333333333334,124.31333333333333,fiqa,dense,4
fiqa_dense,47,8,fixed,0.3325277311740831,0.0,0.42606349206349203,0.0,0.0,76.39591286834911,18.0,16.0,48.0,19549.0,5067.0,1.0,0.0,1.0,393.93333333333334,124.31333333333333,fiqa,dense,8
fiqa_dense,47,16,fixed,0.3325277311740831,0.0,0.42606349206349203,0.0,0.0,76.39591286834911,36.0,16.0,48.0,19549.0,5067.0,1.0,0.0,1.0,393.93333333333334,124.31333333333333,fiqa,dense,16
fiqa_dense,47,32,fixed,0.3325277311740831,0.0,0.42606349206349203,0.0,0.0,76.39591286834911,72.0,16.0,48.0,19549.0,5067.0,1.0,0.0,1.0,393.93333333333334,124.31333333333333,fiqa,dense,32
fiqa_dense,47,0,information_gain,0.3325277311740831,0.0,0.42606349206349203,0.0,0.0,0.0,0.0,0.0,0.0,0.0,0.0,1.0,0.0,1.0,393.93333333333334,124.31333333333333,fiqa,dense,0
fiqa_dense,47,4,information_gain,0.3325277311740831,0.0,0.42606349206349203,0.0,0.0,76.39591286834911,8.0,16.0,48.0,19549.0,5067.0,1.0,0.0,1.0,393.93333333333334,124.31333333333333,fiqa,dense,4
fiqa_dense,47,8,information_gain,0.3325277311740831,0.0,0.42606349206349203,0.0,0.0,76.39591286834911,16.0,16.0,48.0,19549.0,5067.0,1.0,0.0,1.0,393.93333333333334,124.31333333333333,fiqa,dense,8
fiqa_dense,47,16,information_gain,0.3325277311740831,0.0,0.42606349206349203,0.0,0.0,76.39591286834911,32.0,16.0,48.0,19549.0,5067.0,1.0,0.0,1.0,393.93333333333334,124.31333333333333,fiqa,dense,16
fiqa_dense,47,32,information_gain,0.3325277311740831,0.0,0.42606349206349203,0.0,0.0,76.39591286834911,65.0,16.0,48.0,19549.0,5067.0,1.0,0.0,1.0,393.93333333333334,124.31333333333333,fiqa,dense,32
fiqa_dense,47,0,learned_value,0.3325277311740831,0.0,0.42606349206349203,0.0,0.0,0.0,0.0,0.0,0.0,0.0,0.0,1.0,0.0,1.0,393.93333333333334,124.31333333333333,fiqa,dense,0
fiqa_dense,47,4,learned_value,0.3325277311740831,0.0,0.42606349206349203,0.0,0.0,76.39591286834911,10.0,16.0,48.0,19549.0,5067.0,1.0,0.0,1.0,393.93333333333334,124.31333333333333,fiqa,dense,4
fiqa_dense,47,8,learned_value,0.3325277311740831,0.0,0.42606349206349203,0.0,0.0,76.39591286834911,18.0,16.0,48.0,19549.0,5067.0,1.0,0.0,1.0,393.93333333333334,124.31333333333333,fiqa,dense,8
fiqa_dense,47,16,learned_value,0.3325277311740831,0.0,0.42606349206349203,0.0,0.0,76.39591286834911,35.0,16.0,48.0,19549.0,5067.0,1.0,0.0,1.0,393.93333333333334,124.31333333333333,fiqa,dense,16
fiqa_dense,47,32,learned_value,0.3325277311740831,0.0,0.42606349206349203,0.0,0.0,76.39591286834911,71.0,16.0,48.0,19549.0,5067.0,1.0,0.0,1.0,393.93333333333334,124.31333333333333,fiqa,dense,32
nfcorpus_bm25,11,0,source_router,0.24510579949889155,0.0,0.25775147928994085,0.0,0.0,0.0,0.0,0.0,0.0,0.0,0.0,1.0,0.0,0.0,0.0,0.0,nfcorpus,bm25,0
nfcorpus_bm25,11,4,source_router,0.24510579949889155,0.0,0.25775147928994085,0.0,0.0,0.0,0.0,0.0,0.0,0.0,0.0,1.0,0.0,0.0,0.0,0.0,nfcorpus,bm25,0
nfcorpus_bm25,11,8,source_router,0.24510579949889155,0.0,0.25775147928994085,0.0,0.0,0.0,0.0,0.0,0.0,0.0,0.0,1.0,0.0,0.0,0.0,0.0,nfcorpus,bm25,0
nfcorpus_bm25,11,16,source_router,0.24510579949889155,0.0,0.25775147928994085,0.0,0.0,0.0,0.0,0.0,0.0,0.0,0.0,1.0,0.0,0.0,0.0,0.0,nfcorpus,bm25,0
nfcorpus_bm25,11,32,source_router,0.24510579949889155,0.0,0.25775147928994085,0.0,0.0,0.0,0.0,0.0,0.0,0.0,0.0,1.0,0.0,0.0,0.0,0.0,nfcorpus,bm25,0
nfcorpus_bm25,11,0,random,0.24510579949889155,0.0,0.25775147928994085,0.0,0.0,0.0,0.0,0.0,0.0,0.0,0.0,1.0,0.0,0.0,0.0,0.0,nfcorpus,bm25,0
nfcorpus_bm25,11,4,random,0.24510579949889155,0.0,0.25775147928994085,0.0,0.0,97.41325913557375,8.0,16.0,48.0,24215.0,6074.0,1.0,0.0,0.0,0.0,0.0,nfcorpus,bm25,4
nfcorpus_bm25,11,8,random,0.24510579949889155,0.0,0.25775147928994085,0.0,0.0,97.41325913557375,16.0,16.0,48.0,24215.0,6074.0,1.0,0.0,0.0,0.0,0.0,nfcorpus,bm25,8
nfcorpus_bm25,11,16,random,0.24510579949889155,0.0,0.25775147928994085,0.0,0.0,97.41325913557375,35.0,16.0,48.0,24215.0,6074.0,1.0,0.0,0.0,0.0,0.0,nfcorpus,bm25,16
nfcorpus_bm25,11,32,random,0.24510579949889155,0.0,0.25775147928994085,0.0,0.0,97.41325913557375,73.0,16.0,48.0,24215.0,6074.0,1.0,0.0,0.0,0.0,0.0,nfcorpus,bm25,32
nfcorpus_bm25,11,0,fixed,0.24510579949889155,0.0,0.25775147928994085,0.0,0.0,0.0,0.0,0.0,0.0,0.0,0.0,1.0,0.0,0.0,0.0,0.0,nfcorpus,bm25,0
nfcorpus_bm25,11,4,fixed,0.24510579949889155,0.0,0.25775147928994085,0.0,0.0,97.41325913557375,9.0,16.0,48.0,24215.0,6074.0,1.0,0.0,0.0,0.0,0.0,nfcorpus,bm25,4
nfcorpus_bm25,11,8,fixed,0.24510579949889155,0.0,0.25775147928994085,0.0,0.0,97.41325913557375,18.0,16.0,48.0,24215.0,6074.0,1.0,0.0,0.0,0.0,0.0,nfcorpus,bm25,8
nfcorpus_bm25,11,16,fixed,0.24510579949889155,0.0,0.25775147928994085,0.0,0.0,97.41325913557375,36.0,16.0,48.0,24215.0,6074.0,1.0,0.0,0.0,0.0,0.0,nfcorpus,bm25,16
nfcorpus_bm25,11,32,fixed,0.24510579949889155,0.0,0.25775147928994085,0.0,0.0,97.41325913557375,72.0,16.0,48.0,24215.0,6074.0,1.0,0.0,0.0,0.0,0.0,nfcorpus,bm25,32
nfcorpus_bm25,11,0,information_gain,0.24510579949889155,0.0,0.25775147928994085,0.0,0.0,0.0,0.0,0.0,0.0,0.0,0.0,1.0,0.0,0.0,0.0,0.0,nfcorpus,bm25,0
nfcorpus_bm25,11,4,information_gain,0.24510579949889155,0.0,0.25775147928994085,0.0,0.0,97.41325913557375,8.0,16.0,48.0,24215.0,6074.0,1.0,0.0,0.0,0.0,0.0,nfcorpus,bm25,4
nfcorpus_bm25,11,8,information_gain,0.24510579949889155,0.0,0.25775147928994085,0.0,0.0,97.41325913557375,16.0,16.0,48.0,24215.0,6074.0,1.0,0.0,0.0,0.0,0.0,nfcorpus,bm25,8
nfcorpus_bm25,11,16,information_gain,0.24510579949889155,0.0,0.25775147928994085,0.0,0.0,97.41325913557375,32.0,16.0,48.0,24215.0,6074.0,1.0,0.0,0.0,0.0,0.0,nfcorpus,bm25,16
nfcorpus_bm25,11,32,information_gain,0.24510579949889155,0.0,0.25775147928994085,0.0,0.0,97.41325913557375,65.0,16.0,48.0,24215.0,6074.0,1.0,0.0,0.0,0.0,0.0,nfcorpus,bm25,32
nfcorpus_bm25,11,0,learned_value,0.24510579949889155,0.0,0.25775147928994085,0.0,0.0,0.0,0.0,0.0,0.0,0.0,0.0,1.0,0.0,0.0,0.0,0.0,nfcorpus,bm25,0
nfcorpus_bm25,11,4,learned_value,0.24510579949889155,0.0,0.25775147928994085,0.0,0.0,97.41325913557375,8.0,16.0,48.0,24215.0,6074.0,1.0,0.0,0.0,0.0,0.0,nfcorpus,bm25,4
nfcorpus_bm25,11,8,learned_value,0.24510579949889155,0.0,0.25775147928994085,0.0,0.0,97.41325913557375,16.0,16.0,48.0,24215.0,6074.0,1.0,0.0,0.0,0.0,0.0,nfcorpus,bm25,8
nfcorpus_bm25,11,16,learned_value,0.24510579949889155,0.0,0.25775147928994085,0.0,0.0,97.41325913557375,35.0,16.0,48.0,24215.0,6074.0,1.0,0.0,0.0,0.0,0.0,nfcorpus,bm25,16
nfcorpus_bm25,11,32,learned_value,0.24510579949889155,0.0,0.25775147928994085,0.0,0.0,97.41325913557375,73.0,16.0,48.0,24215.0,6074.0,1.0,0.0,0.0,0.0,0.0,nfcorpus,bm25,32
nfcorpus_bm25,23,0,source_router,0.24510579949889155,0.0,0.25775147928994085,0.0,0.0,0.0,0.0,0.0,0.0,0.0,0.0,1.0,0.0,0.0,0.0,0.0,nfcorpus,bm25,0
nfcorpus_bm25,23,4,source_router,0.24510579949889155,0.0,0.25775147928994085,0.0,0.0,0.0,0.0,0.0,0.0,0.0,0.0,1.0,0.0,0.0,0.0,0.0,nfcorpus,bm25,0
nfcorpus_bm25,23,8,source_router,0.24510579949889155,0.0,0.25775147928994085,0.0,0.0,0.0,0.0,0.0,0.0,0.0,0.0,1.0,0.0,0.0,0.0,0.0,nfcorpus,bm25,0
nfcorpus_bm25,23,16,source_router,0.24510579949889155,0.0,0.25775147928994085,0.0,0.0,0.0,0.0,0.0,0.0,0.0,0.0,1.0,0.0,0.0,0.0,0.0,nfcorpus,bm25,0
nfcorpus_bm25,23,32,source_router,0.24510579949889155,0.0,0.25775147928994085,0.0,0.0,0.0,0.0,0.0,0.0,0.0,0.0,1.0,0.0,0.0,0.0,0.0,nfcorpus,bm25,0
nfcorpus_bm25,23,0,random,0.24510579949889155,0.0,0.25775147928994085,0.0,0.0,0.0,0.0,0.0,0.0,0.0,0.0,1.0,0.0,0.0,0.0,0.0,nfcorpus,bm25,0
nfcorpus_bm25,23,4,random,0.24510579949889155,0.0,0.25775147928994085,0.0,0.0,100.15326391182316,8.0,16.0,48.0,23007.0,5887.0,1.0,0.0,0.0,0.0,0.0,nfcorpus,bm25,4
nfcorpus_bm25,23,8,random,0.24510579949889155,0.0,0.25775147928994085,0.0,0.0,100.15326391182316,17.0,16.0,48.0,23007.0,5887.0,1.0,0.0,0.0,0.0,0.0,nfcorpus,bm25,8
nfcorpus_bm25,23,16,random,0.24510579949889155,0.0,0.25775147928994085,0.0,0.0,100.15326391182316,34.0,16.0,48.0,23007.0,5887.0,1.0,0.0,0.0,0.0,0.0,nfcorpus,bm25,16
nfcorpus_bm25,23,32,random,0.24510579949889155,0.0,0.25775147928994085,0.0,0.0,100.15326391182316,71.0,16.0,48.0,23007.0,5887.0,1.0,0.0,0.0,0.0,0.0,nfcorpus,bm25,32
nfcorpus_bm25,23,0,fixed,0.24510579949889155,0.0,0.25775147928994085,0.0,0.0,0.0,0.0,0.0,0.0,0.0,0.0,1.0,0.0,0.0,0.0,0.0,nfcorpus,bm25,0
nfcorpus_bm25,23,4,fixed,0.24510579949889155,0.0,0.25775147928994085,0.0,0.0,100.15326391182316,9.0,16.0,48.0,23007.0,5887.0,1.0,0.0,0.0,0.0,0.0,nfcorpus,bm25,4
nfcorpus_bm25,23,8,fixed,0.24510579949889155,0.0,0.25775147928994085,0.0,0.0,100.15326391182316,18.0,16.0,48.0,23007.0,5887.0,1.0,0.0,0.0,0.0,0.0,nfcorpus,bm25,8
nfcorpus_bm25,23,16,fixed,0.24510579949889155,0.0,0.25775147928994085,0.0,0.0,100.15326391182316,36.0,16.0,48.0,23007.0,5887.0,1.0,0.0,0.0,0.0,0.0,nfcorpus,bm25,16
nfcorpus_bm25,23,32,fixed,0.24510579949889155,0.0,0.25775147928994085,0.0,0.0,100.15326391182316,72.0,16.0,48.0,23007.0,5887.0,1.0,0.0,0.0,0.0,0.0,nfcorpus,bm25,32
nfcorpus_bm25,23,0,information_gain,0.24510579949889155,0.0,0.25775147928994085,0.0,0.0,0.0,0.0,0.0,0.0,0.0,0.0,1.0,0.0,0.0,0.0,0.0,nfcorpus,bm25,0
nfcorpus_bm25,23,4,information_gain,0.24510579949889155,0.0,0.25775147928994085,0.0,0.0,100.15326391182316,8.0,16.0,48.0,23007.0,5887.0,1.0,0.0,0.0,0.0,0.0,nfcorpus,bm25,4
nfcorpus_bm25,23,8,information_gain,0.24510579949889155,0.0,0.25775147928994085,0.0,0.0,100.15326391182316,16.0,16.0,48.0,23007.0,5887.0,1.0,0.0,0.0,0.0,0.0,nfcorpus,bm25,8
nfcorpus_bm25,23,16,information_gain,0.24510579949889155,0.0,0.25775147928994085,0.0,0.0,100.15326391182316,32.0,16.0,48.0,23007.0,5887.0,1.0,0.0,0.0,0.0,0.0,nfcorpus,bm25,16
nfcorpus_bm25,23,32,information_gain,0.24510579949889155,0.0,0.25775147928994085,0.0,0.0,100.15326391182316,65.0,16.0,48.0,23007.0,5887.0,1.0,0.0,0.0,0.0,0.0,nfcorpus,bm25,32
nfcorpus_bm25,23,0,learned_value,0.24510579949889155,0.0,0.25775147928994085,0.0,0.0,0.0,0.0,0.0,0.0,0.0,0.0,1.0,0.0,0.0,0.0,0.0,nfcorpus,bm25,0
nfcorpus_bm25,23,4,learned_value,0.24510579949889155,0.0,0.25775147928994085,0.0,0.0,100.15326391182316,8.0,16.0,48.0,23007.0,5887.0,1.0,0.0,0.0,0.0,0.0,nfcorpus,bm25,4
nfcorpus_bm25,23,8,learned_value,0.24510579949889155,0.0,0.25775147928994085,0.0,0.0,100.15326391182316,17.0,16.0,48.0,23007.0,5887.0,1.0,0.0,0.0,0.0,0.0,nfcorpus,bm25,8
nfcorpus_bm25,23,16,learned_value,0.24510579949889155,0.0,0.25775147928994085,0.0,0.0,100.15326391182316,34.0,16.0,48.0,23007.0,5887.0,1.0,0.0,0.0,0.0,0.0,nfcorpus,bm25,16
nfcorpus_bm25,23,32,learned_value,0.24510579949889155,0.0,0.25775147928994085,0.0,0.0,100.15326391182316,71.0,16.0,48.0,23007.0,5887.0,1.0,0.0,0.0,0.0,0.0,nfcorpus,bm25,32
nfcorpus_bm25,47,0,source_router,0.24510579949889155,0.0,0.25775147928994085,0.0,0.0,0.0,0.0,0.0,0.0,0.0,0.0,1.0,0.0,0.0,0.0,0.0,nfcorpus,bm25,0
nfcorpus_bm25,47,4,source_router,0.24510579949889155,0.0,0.25775147928994085,0.0,0.0,0.0,0.0,0.0,0.0,0.0,0.0,1.0,0.0,0.0,0.0,0.0,nfcorpus,bm25,0
nfcorpus_bm25,47,8,source_router,0.24510579949889155,0.0,0.25775147928994085,0.0,0.0,0.0,0.0,0.0,0.0,0.0,0.0,1.0,0.0,0.0,0.0,0.0,nfcorpus,bm25,0
nfcorpus_bm25,47,16,source_router,0.24510579949889155,0.0,0.25775147928994085,0.0,0.0,0.0,0.0,0.0,0.0,0.0,0.0,1.0,0.0,0.0,0.0,0.0,nfcorpus,bm25,0
nfcorpus_bm25,47,32,source_router,0.24510579949889155,0.0,0.25775147928994085,0.0,0.0,0.0,0.0,0.0,0.0,0.0,0.0,1.0,0.0,0.0,0.0,0.0,nfcorpus,bm25,0
nfcorpus_bm25,47,0,random,0.24510579949889155,0.0,0.25775147928994085,0.0,0.0,0.0,0.0,0.0,0.0,0.0,0.0,1.0,0.0,0.0,0.0,0.0,nfcorpus,bm25,0
nfcorpus_bm25,47,4,random,0.24510579949889155,0.0,0.25775147928994085,0.0,0.0,96.14452316188545,10.0,16.0,48.0,24033.0,5850.0,1.0,0.0,0.0,0.0,0.0,nfcorpus,bm25,4
nfcorpus_bm25,47,8,random,0.24510579949889155,0.0,0.25775147928994085,0.0,0.0,96.14452316188545,18.0,16.0,48.0,24033.0,5850.0,1.0,0.0,0.0,0.0,0.0,nfcorpus,bm25,8
nfcorpus_bm25,47,16,random,0.24510579949889155,0.0,0.25775147928994085,0.0,0.0,96.14452316188545,35.0,16.0,48.0,24033.0,5850.0,1.0,0.0,0.0,0.0,0.0,nfcorpus,bm25,16
nfcorpus_bm25,47,32,random,0.24510579949889155,0.0,0.25775147928994085,0.0,0.0,96.14452316188545,71.0,16.0,48.0,24033.0,5850.0,1.0,0.0,0.0,0.0,0.0,nfcorpus,bm25,32
nfcorpus_bm25,47,0,fixed,0.24510579949889155,0.0,0.25775147928994085,0.0,0.0,0.0,0.0,0.0,0.0,0.0,0.0,1.0,0.0,0.0,0.0,0.0,nfcorpus,bm25,0
nfcorpus_bm25,47,4,fixed,0.24510579949889155,0.0,0.25775147928994085,0.0,0.0,96.14452316188545,9.0,16.0,48.0,24033.0,5850.0,1.0,0.0,0.0,0.0,0.0,nfcorpus,bm25,4
nfcorpus_bm25,47,8,fixed,0.24510579949889155,0.0,0.25775147928994085,0.0,0.0,96.14452316188545,18.0,16.0,48.0,24033.0,5850.0,1.0,0.0,0.0,0.0,0.0,nfcorpus,bm25,8
nfcorpus_bm25,47,16,fixed,0.24510579949889155,0.0,0.25775147928994085,0.0,0.0,96.14452316188545,36.0,16.0,48.0,24033.0,5850.0,1.0,0.0,0.0,0.0,0.0,nfcorpus,bm25,16
nfcorpus_bm25,47,32,fixed,0.24510579949889155,0.0,0.25775147928994085,0.0,0.0,96.14452316188545,72.0,16.0,48.0,24033.0,5850.0,1.0,0.0,0.0,0.0,0.0,nfcorpus,bm25,32
nfcorpus_bm25,47,0,information_gain,0.24510579949889155,0.0,0.25775147928994085,0.0,0.0,0.0,0.0,0.0,0.0,0.0,0.0,1.0,0.0,0.0,0.0,0.0,nfcorpus,bm25,0
nfcorpus_bm25,47,4,information_gain,0.24510579949889155,0.0,0.25775147928994085,0.0,0.0,96.14452316188545,8.0,16.0,48.0,24033.0,5850.0,1.0,0.0,0.0,0.0,0.0,nfcorpus,bm25,4
nfcorpus_bm25,47,8,information_gain,0.24510579949889155,0.0,0.25775147928994085,0.0,0.0,96.14452316188545,16.0,16.0,48.0,24033.0,5850.0,1.0,0.0,0.0,0.0,0.0,nfcorpus,bm25,8
nfcorpus_bm25,47,16,information_gain,0.24510579949889155,0.0,0.25775147928994085,0.0,0.0,96.14452316188545,32.0,16.0,48.0,24033.0,5850.0,1.0,0.0,0.0,0.0,0.0,nfcorpus,bm25,16
nfcorpus_bm25,47,32,information_gain,0.24510579949889155,0.0,0.25775147928994085,0.0,0.0,96.14452316188545,66.0,16.0,48.0,24033.0,5850.0,1.0,0.0,0.0,0.0,0.0,nfcorpus,bm25,32
nfcorpus_bm25,47,0,learned_value,0.24510579949889155,0.0,0.25775147928994085,0.0,0.0,0.0,0.0,0.0,0.0,0.0,0.0,1.0,0.0,0.0,0.0,0.0,nfcorpus,bm25,0
nfcorpus_bm25,47,4,learned_value,0.24510579949889155,0.0,0.25775147928994085,0.0,0.0,96.14452316188545,10.0,16.0,48.0,24033.0,5850.0,1.0,0.0,0.0,0.0,0.0,nfcorpus,bm25,4
nfcorpus_bm25,47,8,learned_value,0.24510579949889155,0.0,0.25775147928994085,0.0,0.0,96.14452316188545,18.0,16.0,48.0,24033.0,5850.0,1.0,0.0,0.0,0.0,0.0,nfcorpus,bm25,8
nfcorpus_bm25,47,16,learned_value,0.24510579949889155,0.0,0.25775147928994085,0.0,0.0,96.14452316188545,35.0,16.0,48.0,24033.0,5850.0,1.0,0.0,0.0,0.0,0.0,nfcorpus,bm25,16
nfcorpus_bm25,47,32,learned_value,0.24510579949889155,0.0,0.25775147928994085,0.0,0.0,96.14452316188545,71.0,16.0,48.0,24033.0,5850.0,1.0,0.0,0.0,0.0,0.0,nfcorpus,bm25,32
nfcorpus_dense,11,0,source_router,0.2347861132448854,0.0,0.25276979430825586,0.0,0.0,0.0,0.0,0.0,0.0,0.0,0.0,1.0,0.0,0.0,0.0,0.0,nfcorpus,dense,0
nfcorpus_dense,11,4,source_router,0.2347861132448854,0.0,0.25276979430825586,0.0,0.0,0.0,0.0,0.0,0.0,0.0,0.0,1.0,0.0,0.0,0.0,0.0,nfcorpus,dense,0
nfcorpus_dense,11,8,source_router,0.2347861132448854,0.0,0.25276979430825586,0.0,0.0,0.0,0.0,0.0,0.0,0.0,0.0,1.0,0.0,0.0,0.0,0.0,nfcorpus,dense,0
nfcorpus_dense,11,16,source_router,0.2347861132448854,0.0,0.25276979430825586,0.0,0.0,0.0,0.0,0.0,0.0,0.0,0.0,1.0,0.0,0.0,0.0,0.0,nfcorpus,dense,0
nfcorpus_dense,11,32,source_router,0.2347861132448854,0.0,0.25276979430825586,0.0,0.0,0.0,0.0,0.0,0.0,0.0,0.0,1.0,0.0,0.0,0.0,0.0,nfcorpus,dense,0
nfcorpus_dense,11,0,random,0.2347861132448854,0.0,0.25276979430825586,0.0,0.0,0.0,0.0,0.0,0.0,0.0,0.0,1.0,0.0,0.0,0.0,0.0,nfcorpus,dense,0
nfcorpus_dense,11,4,random,0.2347861132448854,0.0,0.25276979430825586,0.0,0.0,97.41325913557375,8.0,16.0,48.0,24215.0,6074.0,1.0,0.0,0.0,0.0,0.0,nfcorpus,dense,4
nfcorpus_dense,11,8,random,0.2347861132448854,0.0,0.25276979430825586,0.0,0.0,97.41325913557375,16.0,16.0,48.0,24215.0,6074.0,1.0,0.0,0.0,0.0,0.0,nfcorpus,dense,8
nfcorpus_dense,11,16,random,0.2347861132448854,0.0,0.25276979430825586,0.0,0.0,97.41325913557375,35.0,16.0,48.0,24215.0,6074.0,1.0,0.0,0.0,0.0,0.0,nfcorpus,dense,16
nfcorpus_dense,11,32,random,0.2347861132448854,0.0,0.25276979430825586,0.0,0.0,97.41325913557375,73.0,16.0,48.0,24215.0,6074.0,1.0,0.0,0.0,0.0,0.0,nfcorpus,dense,32
nfcorpus_dense,11,0,fixed,0.2347861132448854,0.0,0.25276979430825586,0.0,0.0,0.0,0.0,0.0,0.0,0.0,0.0,1.0,0.0,0.0,0.0,0.0,nfcorpus,dense,0
nfcorpus_dense,11,4,fixed,0.2347861132448854,0.0,0.25276979430825586,0.0,0.0,97.41325913557375,9.0,16.0,48.0,24215.0,6074.0,1.0,0.0,0.0,0.0,0.0,nfcorpus,dense,4
nfcorpus_dense,11,8,fixed,0.2347861132448854,0.0,0.25276979430825586,0.0,0.0,97.41325913557375,18.0,16.0,48.0,24215.0,6074.0,1.0,0.0,0.0,0.0,0.0,nfcorpus,dense,8
nfcorpus_dense,11,16,fixed,0.2347861132448854,0.0,0.25276979430825586,0.0,0.0,97.41325913557375,36.0,16.0,48.0,24215.0,6074.0,1.0,0.0,0.0,0.0,0.0,nfcorpus,dense,16
nfcorpus_dense,11,32,fixed,0.2347861132448854,0.0,0.25276979430825586,0.0,0.0,97.41325913557375,72.0,16.0,48.0,24215.0,6074.0,1.0,0.0,0.0,0.0,0.0,nfcorpus,dense,32
nfcorpus_dense,11,0,information_gain,0.2347861132448854,0.0,0.25276979430825586,0.0,0.0,0.0,0.0,0.0,0.0,0.0,0.0,1.0,0.0,0.0,0.0,0.0,nfcorpus,dense,0
nfcorpus_dense,11,4,information_gain,0.2347861132448854,0.0,0.25276979430825586,0.0,0.0,97.41325913557375,8.0,16.0,48.0,24215.0,6074.0,1.0,0.0,0.0,0.0,0.0,nfcorpus,dense,4
nfcorpus_dense,11,8,information_gain,0.2347861132448854,0.0,0.25276979430825586,0.0,0.0,97.41325913557375,16.0,16.0,48.0,24215.0,6074.0,1.0,0.0,0.0,0.0,0.0,nfcorpus,dense,8
nfcorpus_dense,11,16,information_gain,0.2347861132448854,0.0,0.25276979430825586,0.0,0.0,97.41325913557375,32.0,16.0,48.0,24215.0,6074.0,1.0,0.0,0.0,0.0,0.0,nfcorpus,dense,16
nfcorpus_dense,11,32,information_gain,0.2347861132448854,0.0,0.25276979430825586,0.0,0.0,97.41325913557375,64.0,16.0,48.0,24215.0,6074.0,1.0,0.0,0.0,0.0,0.0,nfcorpus,dense,32
nfcorpus_dense,11,0,learned_value,0.2347861132448854,0.0,0.25276979430825586,0.0,0.0,0.0,0.0,0.0,0.0,0.0,0.0,1.0,0.0,0.0,0.0,0.0,nfcorpus,dense,0
nfcorpus_dense,11,4,learned_value,0.2347861132448854,0.0,0.25276979430825586,0.0,0.0,97.41325913557375,8.0,16.0,48.0,24215.0,6074.0,1.0,0.0,0.0,0.0,0.0,nfcorpus,dense,4
nfcorpus_dense,11,8,learned_value,0.2347861132448854,0.0,0.25276979430825586,0.0,0.0,97.41325913557375,16.0,16.0,48.0,24215.0,6074.0,1.0,0.0,0.0,0.0,0.0,nfcorpus,dense,8
nfcorpus_dense,11,16,learned_value,0.2347861132448854,0.0,0.25276979430825586,0.0,0.0,97.41325913557375,35.0,16.0,48.0,24215.0,6074.0,1.0,0.0,0.0,0.0,0.0,nfcorpus,dense,16
nfcorpus_dense,11,32,learned_value,0.2347861132448854,0.0,0.25276979430825586,0.0,0.0,97.41325913557375,73.0,16.0,48.0,24215.0,6074.0,1.0,0.0,0.0,0.0,0.0,nfcorpus,dense,32
nfcorpus_dense,23,0,source_router,0.2347861132448854,0.0,0.25276979430825586,0.0,0.0,0.0,0.0,0.0,0.0,0.0,0.0,1.0,0.0,0.0,0.0,0.0,nfcorpus,dense,0
nfcorpus_dense,23,4,source_router,0.2347861132448854,0.0,0.25276979430825586,0.0,0.0,0.0,0.0,0.0,0.0,0.0,0.0,1.0,0.0,0.0,0.0,0.0,nfcorpus,dense,0
nfcorpus_dense,23,8,source_router,0.2347861132448854,0.0,0.25276979430825586,0.0,0.0,0.0,0.0,0.0,0.0,0.0,0.0,1.0,0.0,0.0,0.0,0.0,nfcorpus,dense,0
nfcorpus_dense,23,16,source_router,0.2347861132448854,0.0,0.25276979430825586,0.0,0.0,0.0,0.0,0.0,0.0,0.0,0.0,1.0,0.0,0.0,0.0,0.0,nfcorpus,dense,0
nfcorpus_dense,23,32,source_router,0.2347861132448854,0.0,0.25276979430825586,0.0,0.0,0.0,0.0,0.0,0.0,0.0,0.0,1.0,0.0,0.0,0.0,0.0,nfcorpus,dense,0
nfcorpus_dense,23,0,random,0.2347861132448854,0.0,0.25276979430825586,0.0,0.0,0.0,0.0,0.0,0.0,0.0,0.0,1.0,0.0,0.0,0.0,0.0,nfcorpus,dense,0
nfcorpus_dense,23,4,random,0.2347861132448854,0.0,0.25276979430825586,0.0,0.0,100.15326391182316,8.0,16.0,48.0,23007.0,5887.0,1.0,0.0,0.0,0.0,0.0,nfcorpus,dense,4
nfcorpus_dense,23,8,random,0.2347861132448854,0.0,0.25276979430825586,0.0,0.0,100.15326391182316,17.0,16.0,48.0,23007.0,5887.0,1.0,0.0,0.0,0.0,0.0,nfcorpus,dense,8
nfcorpus_dense,23,16,random,0.2347861132448854,0.0,0.25276979430825586,0.0,0.0,100.15326391182316,34.0,16.0,48.0,23007.0,5887.0,1.0,0.0,0.0,0.0,0.0,nfcorpus,dense,16
nfcorpus_dense,23,32,random,0.2347861132448854,0.0,0.25276979430825586,0.0,0.0,100.15326391182316,71.0,16.0,48.0,23007.0,5887.0,1.0,0.0,0.0,0.0,0.0,nfcorpus,dense,32
nfcorpus_dense,23,0,fixed,0.2347861132448854,0.0,0.25276979430825586,0.0,0.0,0.0,0.0,0.0,0.0,0.0,0.0,1.0,0.0,0.0,0.0,0.0,nfcorpus,dense,0
nfcorpus_dense,23,4,fixed,0.2347861132448854,0.0,0.25276979430825586,0.0,0.0,100.15326391182316,9.0,16.0,48.0,23007.0,5887.0,1.0,0.0,0.0,0.0,0.0,nfcorpus,dense,4
nfcorpus_dense,23,8,fixed,0.2347861132448854,0.0,0.25276979430825586,0.0,0.0,100.15326391182316,18.0,16.0,48.0,23007.0,5887.0,1.0,0.0,0.0,0.0,0.0,nfcorpus,dense,8
nfcorpus_dense,23,16,fixed,0.2347861132448854,0.0,0.25276979430825586,0.0,0.0,100.15326391182316,36.0,16.0,48.0,23007.0,5887.0,1.0,0.0,0.0,0.0,0.0,nfcorpus,dense,16
nfcorpus_dense,23,32,fixed,0.2347861132448854,0.0,0.25276979430825586,0.0,0.0,100.15326391182316,72.0,16.0,48.0,23007.0,5887.0,1.0,0.0,0.0,0.0,0.0,nfcorpus,dense,32
nfcorpus_dense,23,0,information_gain,0.2347861132448854,0.0,0.25276979430825586,0.0,0.0,0.0,0.0,0.0,0.0,0.0,0.0,1.0,0.0,0.0,0.0,0.0,nfcorpus,dense,0
nfcorpus_dense,23,4,information_gain,0.2347861132448854,0.0,0.25276979430825586,0.0,0.0,100.15326391182316,8.0,16.0,48.0,23007.0,5887.0,1.0,0.0,0.0,0.0,0.0,nfcorpus,dense,4
nfcorpus_dense,23,8,information_gain,0.2347861132448854,0.0,0.25276979430825586,0.0,0.0,100.15326391182316,16.0,16.0,48.0,23007.0,5887.0,1.0,0.0,0.0,0.0,0.0,nfcorpus,dense,8
nfcorpus_dense,23,16,information_gain,0.2347861132448854,0.0,0.25276979430825586,0.0,0.0,100.15326391182316,32.0,16.0,48.0,23007.0,5887.0,1.0,0.0,0.0,0.0,0.0,nfcorpus,dense,16
nfcorpus_dense,23,32,information_gain,0.2347861132448854,0.0,0.25276979430825586,0.0,0.0,100.15326391182316,64.0,16.0,48.0,23007.0,5887.0,1.0,0.0,0.0,0.0,0.0,nfcorpus,dense,32
nfcorpus_dense,23,0,learned_value,0.2347861132448854,0.0,0.25276979430825586,0.0,0.0,0.0,0.0,0.0,0.0,0.0,0.0,1.0,0.0,0.0,0.0,0.0,nfcorpus,dense,0
nfcorpus_dense,23,4,learned_value,0.2347861132448854,0.0,0.25276979430825586,0.0,0.0,100.15326391182316,8.0,16.0,48.0,23007.0,5887.0,1.0,0.0,0.0,0.0,0.0,nfcorpus,dense,4
nfcorpus_dense,23,8,learned_value,0.2347861132448854,0.0,0.25276979430825586,0.0,0.0,100.15326391182316,17.0,16.0,48.0,23007.0,5887.0,1.0,0.0,0.0,0.0,0.0,nfcorpus,dense,8
nfcorpus_dense,23,16,learned_value,0.2347861132448854,0.0,0.25276979430825586,0.0,0.0,100.15326391182316,34.0,16.0,48.0,23007.0,5887.0,1.0,0.0,0.0,0.0,0.0,nfcorpus,dense,16
nfcorpus_dense,23,32,learned_value,0.2347861132448854,0.0,0.25276979430825586,0.0,0.0,100.15326391182316,71.0,16.0,48.0,23007.0,5887.0,1.0,0.0,0.0,0.0,0.0,nfcorpus,dense,32
nfcorpus_dense,47,0,source_router,0.2347861132448854,0.0,0.25276979430825586,0.0,0.0,0.0,0.0,0.0,0.0,0.0,0.0,1.0,0.0,0.0,0.0,0.0,nfcorpus,dense,0
nfcorpus_dense,47,4,source_router,0.2347861132448854,0.0,0.25276979430825586,0.0,0.0,0.0,0.0,0.0,0.0,0.0,0.0,1.0,0.0,0.0,0.0,0.0,nfcorpus,dense,0
nfcorpus_dense,47,8,source_router,0.2347861132448854,0.0,0.25276979430825586,0.0,0.0,0.0,0.0,0.0,0.0,0.0,0.0,1.0,0.0,0.0,0.0,0.0,nfcorpus,dense,0
nfcorpus_dense,47,16,source_router,0.2347861132448854,0.0,0.25276979430825586,0.0,0.0,0.0,0.0,0.0,0.0,0.0,0.0,1.0,0.0,0.0,0.0,0.0,nfcorpus,dense,0
nfcorpus_dense,47,32,source_router,0.2347861132448854,0.0,0.25276979430825586,0.0,0.0,0.0,0.0,0.0,0.0,0.0,0.0,1.0,0.0,0.0,0.0,0.0,nfcorpus,dense,0
nfcorpus_dense,47,0,random,0.2347861132448854,0.0,0.25276979430825586,0.0,0.0,0.0,0.0,0.0,0.0,0.0,0.0,1.0,0.0,0.0,0.0,0.0,nfcorpus,dense,0
nfcorpus_dense,47,4,random,0.2347861132448854,0.0,0.25276979430825586,0.0,0.0,96.14452316188545,10.0,16.0,48.0,24033.0,5850.0,1.0,0.0,0.0,0.0,0.0,nfcorpus,dense,4
nfcorpus_dense,47,8,random,0.2347861132448854,0.0,0.25276979430825586,0.0,0.0,96.14452316188545,18.0,16.0,48.0,24033.0,5850.0,1.0,0.0,0.0,0.0,0.0,nfcorpus,dense,8
nfcorpus_dense,47,16,random,0.2347861132448854,0.0,0.25276979430825586,0.0,0.0,96.14452316188545,35.0,16.0,48.0,24033.0,5850.0,1.0,0.0,0.0,0.0,0.0,nfcorpus,dense,16
nfcorpus_dense,47,32,random,0.2347861132448854,0.0,0.25276979430825586,0.0,0.0,96.14452316188545,71.0,16.0,48.0,24033.0,5850.0,1.0,0.0,0.0,0.0,0.0,nfcorpus,dense,32
nfcorpus_dense,47,0,fixed,0.2347861132448854,0.0,0.25276979430825586,0.0,0.0,0.0,0.0,0.0,0.0,0.0,0.0,1.0,0.0,0.0,0.0,0.0,nfcorpus,dense,0
nfcorpus_dense,47,4,fixed,0.2347861132448854,0.0,0.25276979430825586,0.0,0.0,96.14452316188545,9.0,16.0,48.0,24033.0,5850.0,1.0,0.0,0.0,0.0,0.0,nfcorpus,dense,4
nfcorpus_dense,47,8,fixed,0.2347861132448854,0.0,0.25276979430825586,0.0,0.0,96.14452316188545,18.0,16.0,48.0,24033.0,5850.0,1.0,0.0,0.0,0.0,0.0,nfcorpus,dense,8
nfcorpus_dense,47,16,fixed,0.2347861132448854,0.0,0.25276979430825586,0.0,0.0,96.14452316188545,36.0,16.0,48.0,24033.0,5850.0,1.0,0.0,0.0,0.0,0.0,nfcorpus,dense,16
nfcorpus_dense,47,32,fixed,0.2347861132448854,0.0,0.25276979430825586,0.0,0.0,96.14452316188545,72.0,16.0,48.0,24033.0,5850.0,1.0,0.0,0.0,0.0,0.0,nfcorpus,dense,32
nfcorpus_dense,47,0,information_gain,0.2347861132448854,0.0,0.25276979430825586,0.0,0.0,0.0,0.0,0.0,0.0,0.0,0.0,1.0,0.0,0.0,0.0,0.0,nfcorpus,dense,0
nfcorpus_dense,47,4,information_gain,0.2347861132448854,0.0,0.25276979430825586,0.0,0.0,96.14452316188545,8.0,16.0,48.0,24033.0,5850.0,1.0,0.0,0.0,0.0,0.0,nfcorpus,dense,4
nfcorpus_dense,47,8,information_gain,0.2347861132448854,0.0,0.25276979430825586,0.0,0.0,96.14452316188545,16.0,16.0,48.0,24033.0,5850.0,1.0,0.0,0.0,0.0,0.0,nfcorpus,dense,8
nfcorpus_dense,47,16,information_gain,0.2347861132448854,0.0,0.25276979430825586,0.0,0.0,96.14452316188545,32.0,16.0,48.0,24033.0,5850.0,1.0,0.0,0.0,0.0,0.0,nfcorpus,dense,16
nfcorpus_dense,47,32,information_gain,0.2347861132448854,0.0,0.25276979430825586,0.0,0.0,96.14452316188545,64.0,16.0,48.0,24033.0,5850.0,1.0,0.0,0.0,0.0,0.0,nfcorpus,dense,32
nfcorpus_dense,47,0,learned_value,0.2347861132448854,0.0,0.25276979430825586,0.0,0.0,0.0,0.0,0.0,0.0,0.0,0.0,1.0,0.0,0.0,0.0,0.0,nfcorpus,dense,0
nfcorpus_dense,47,4,learned_value,0.2347861132448854,0.0,0.25276979430825586,0.0,0.0,96.14452316188545,10.0,16.0,48.0,24033.0,5850.0,1.0,0.0,0.0,0.0,0.0,nfcorpus,dense,4
nfcorpus_dense,47,8,learned_value,0.2347861132448854,0.0,0.25276979430825586,0.0,0.0,96.14452316188545,18.0,16.0,48.0,24033.0,5850.0,1.0,0.0,0.0,0.0,0.0,nfcorpus,dense,8
nfcorpus_dense,47,16,learned_value,0.2347861132448854,0.0,0.25276979430825586,0.0,0.0,96.14452316188545,35.0,16.0,48.0,24033.0,5850.0,1.0,0.0,0.0,0.0,0.0,nfcorpus,dense,16
nfcorpus_dense,47,32,learned_value,0.2347861132448854,0.0,0.25276979430825586,0.0,0.0,96.14452316188545,71.0,16.0,48.0,24033.0,5850.0,1.0,0.0,0.0,0.0,0.0,nfcorpus,dense,32
scifact_bm25,11,0,source_router,0.6061398767848605,0.0,0.7344444444444445,0.0,0.0,0.0,0.0,0.0,0.0,0.0,0.0,1.0,0.0,0.0,0.0,0.0,scifact,bm25,0
scifact_bm25,11,4,source_router,0.6061398767848605,0.0,0.7344444444444445,0.0,0.0,0.0,0.0,0.0,0.0,0.0,0.0,1.0,0.0,0.0,0.0,0.0,scifact,bm25,0
scifact_bm25,11,8,source_router,0.6061398767848605,0.0,0.7344444444444445,0.0,0.0,0.0,0.0,0.0,0.0,0.0,0.0,1.0,0.0,0.0,0.0,0.0,scifact,bm25,0
scifact_bm25,11,16,source_router,0.6061398767848605,0.0,0.7344444444444445,0.0,0.0,0.0,0.0,0.0,0.0,0.0,0.0,1.0,0.0,0.0,0.0,0.0,scifact,bm25,0
scifact_bm25,11,32,source_router,0.6061398767848605,0.0,0.7344444444444445,0.0,0.0,0.0,0.0,0.0,0.0,0.0,0.0,1.0,0.0,0.0,0.0,0.0,scifact,bm25,0
scifact_bm25,11,0,random,0.6061398767848605,0.0,0.7344444444444445,0.0,0.0,0.0,0.0,0.0,0.0,0.0,0.0,1.0,0.0,0.0,0.0,0.0,scifact,bm25,0
scifact_bm25,11,4,random,0.6061398767848605,0.0,0.7344444444444445,0.0,0.0,76.11252064608561,8.0,16.0,48.0,23491.0,6060.0,1.0,0.0,0.0,0.0,0.0,scifact,bm25,4
scifact_bm25,11,8,random,0.6061398767848605,0.0,0.7344444444444445,0.0,0.0,76.11252064608561,16.0,16.0,48.0,23491.0,6060.0,1.0,0.0,0.0,0.0,0.0,scifact,bm25,8
scifact_bm25,11,16,random,0.6061398767848605,0.0,0.7344444444444445,0.0,0.0,76.11252064608561,35.0,16.0,48.0,23491.0,6060.0,1.0,0.0,0.0,0.0,0.0,scifact,bm25,16
scifact_bm25,11,32,random,0.6061398767848605,0.0,0.7344444444444445,0.0,0.0,76.11252064608561,73.0,16.0,48.0,23491.0,6060.0,1.0,0.0,0.0,0.0,0.0,scifact,bm25,32
scifact_bm25,11,0,fixed,0.6061398767848605,0.0,0.7344444444444445,0.0,0.0,0.0,0.0,0.0,0.0,0.0,0.0,1.0,0.0,0.0,0.0,0.0,scifact,bm25,0
scifact_bm25,11,4,fixed,0.6061398767848605,0.0,0.7344444444444445,0.0,0.0,76.11252064608561,9.0,16.0,48.0,23491.0,6060.0,1.0,0.0,0.0,0.0,0.0,scifact,bm25,4
scifact_bm25,11,8,fixed,0.6061398767848605,0.0,0.7344444444444445,0.0,0.0,76.11252064608561,18.0,16.0,48.0,23491.0,6060.0,1.0,0.0,0.0,0.0,0.0,scifact,bm25,8
scifact_bm25,11,16,fixed,0.6061398767848605,0.0,0.7344444444444445,0.0,0.0,76.11252064608561,36.0,16.0,48.0,23491.0,6060.0,1.0,0.0,0.0,0.0,0.0,scifact,bm25,16
scifact_bm25,11,32,fixed,0.6061398767848605,0.0,0.7344444444444445,0.0,0.0,76.11252064608561,72.0,16.0,48.0,23491.0,6060.0,1.0,0.0,0.0,0.0,0.0,scifact,bm25,32
scifact_bm25,11,0,information_gain,0.6061398767848605,0.0,0.7344444444444445,0.0,0.0,0.0,0.0,0.0,0.0,0.0,0.0,1.0,0.0,0.0,0.0,0.0,scifact,bm25,0
scifact_bm25,11,4,information_gain,0.6061398767848605,0.0,0.7344444444444445,0.0,0.0,76.11252064608561,8.0,16.0,48.0,23491.0,6060.0,1.0,0.0,0.0,0.0,0.0,scifact,bm25,4
scifact_bm25,11,8,information_gain,0.6061398767848605,0.0,0.7344444444444445,0.0,0.0,76.11252064608561,16.0,16.0,48.0,23491.0,6060.0,1.0,0.0,0.0,0.0,0.0,scifact,bm25,8
scifact_bm25,11,16,information_gain,0.6061398767848605,0.0,0.7344444444444445,0.0,0.0,76.11252064608561,32.0,16.0,48.0,23491.0,6060.0,1.0,0.0,0.0,0.0,0.0,scifact,bm25,16
scifact_bm25,11,32,information_gain,0.6061398767848605,0.0,0.7344444444444445,0.0,0.0,76.11252064608561,64.0,16.0,48.0,23491.0,6060.0,1.0,0.0,0.0,0.0,0.0,scifact,bm25,32
scifact_bm25,11,0,learned_value,0.6061398767848605,0.0,0.7344444444444445,0.0,0.0,0.0,0.0,0.0,0.0,0.0,0.0,1.0,0.0,0.0,0.0,0.0,scifact,bm25,0
scifact_bm25,11,4,learned_value,0.6061398767848605,0.0,0.7344444444444445,0.0,0.0,76.11252064608561,8.0,16.0,48.0,23491.0,6060.0,1.0,0.0,0.0,0.0,0.0,scifact,bm25,4
scifact_bm25,11,8,learned_value,0.6061398767848605,0.0,0.7344444444444445,0.0,0.0,76.11252064608561,16.0,16.0,48.0,23491.0,6060.0,1.0,0.0,0.0,0.0,0.0,scifact,bm25,8
scifact_bm25,11,16,learned_value,0.6061398767848605,0.0,0.7344444444444445,0.0,0.0,76.11252064608561,35.0,16.0,48.0,23491.0,6060.0,1.0,0.0,0.0,0.0,0.0,scifact,bm25,16
scifact_bm25,11,32,learned_value,0.6061398767848605,0.0,0.7344444444444445,0.0,0.0,76.11252064608561,73.0,16.0,48.0,23491.0,6060.0,1.0,0.0,0.0,0.0,0.0,scifact,bm25,32
scifact_bm25,23,0,source_router,0.6061398767848605,0.0,0.7344444444444445,0.0,0.0,0.0,0.0,0.0,0.0,0.0,0.0,1.0,0.0,0.0,0.0,0.0,scifact,bm25,0
scifact_bm25,23,4,source_router,0.6061398767848605,0.0,0.7344444444444445,0.0,0.0,0.0,0.0,0.0,0.0,0.0,0.0,1.0,0.0,0.0,0.0,0.0,scifact,bm25,0
scifact_bm25,23,8,source_router,0.6061398767848605,0.0,0.7344444444444445,0.0,0.0,0.0,0.0,0.0,0.0,0.0,0.0,1.0,0.0,0.0,0.0,0.0,scifact,bm25,0
scifact_bm25,23,16,source_router,0.6061398767848605,0.0,0.7344444444444445,0.0,0.0,0.0,0.0,0.0,0.0,0.0,0.0,1.0,0.0,0.0,0.0,0.0,scifact,bm25,0
scifact_bm25,23,32,source_router,0.6061398767848605,0.0,0.7344444444444445,0.0,0.0,0.0,0.0,0.0,0.0,0.0,0.0,1.0,0.0,0.0,0.0,0.0,scifact,bm25,0
scifact_bm25,23,0,random,0.6061398767848605,0.0,0.7344444444444445,0.0,0.0,0.0,0.0,0.0,0.0,0.0,0.0,1.0,0.0,0.0,0.0,0.0,scifact,bm25,0
scifact_bm25,23,4,random,0.6061398767848605,0.0,0.7344444444444445,0.0,0.0,77.63634411997919,8.0,16.0,48.0,22440.0,5872.0,1.0,0.0,0.0,0.0,0.0,scifact,bm25,4
scifact_bm25,23,8,random,0.6061398767848605,0.0,0.7344444444444445,0.0,0.0,77.63634411997919,17.0,16.0,48.0,22440.0,5872.0,1.0,0.0,0.0,0.0,0.0,scifact,bm25,8
scifact_bm25,23,16,random,0.6061398767848605,0.0,0.7344444444444445,0.0,0.0,77.63634411997919,34.0,16.0,48.0,22440.0,5872.0,1.0,0.0,0.0,0.0,0.0,scifact,bm25,16
scifact_bm25,23,32,random,0.6061398767848605,0.0,0.7344444444444445,0.0,0.0,77.63634411997919,71.0,16.0,48.0,22440.0,5872.0,1.0,0.0,0.0,0.0,0.0,scifact,bm25,32
scifact_bm25,23,0,fixed,0.6061398767848605,0.0,0.7344444444444445,0.0,0.0,0.0,0.0,0.0,0.0,0.0,0.0,1.0,0.0,0.0,0.0,0.0,scifact,bm25,0
scifact_bm25,23,4,fixed,0.6061398767848605,0.0,0.7344444444444445,0.0,0.0,77.63634411997919,9.0,16.0,48.0,22440.0,5872.0,1.0,0.0,0.0,0.0,0.0,scifact,bm25,4
scifact_bm25,23,8,fixed,0.6061398767848605,0.0,0.7344444444444445,0.0,0.0,77.63634411997919,18.0,16.0,48.0,22440.0,5872.0,1.0,0.0,0.0,0.0,0.0,scifact,bm25,8
scifact_bm25,23,16,fixed,0.6061398767848605,0.0,0.7344444444444445,0.0,0.0,77.63634411997919,36.0,16.0,48.0,22440.0,5872.0,1.0,0.0,0.0,0.0,0.0,scifact,bm25,16
scifact_bm25,23,32,fixed,0.6061398767848605,0.0,0.7344444444444445,0.0,0.0,77.63634411997919,72.0,16.0,48.0,22440.0,5872.0,1.0,0.0,0.0,0.0,0.0,scifact,bm25,32
scifact_bm25,23,0,information_gain,0.6061398767848605,0.0,0.7344444444444445,0.0,0.0,0.0,0.0,0.0,0.0,0.0,0.0,1.0,0.0,0.0,0.0,0.0,scifact,bm25,0
scifact_bm25,23,4,information_gain,0.6061398767848605,0.0,0.7344444444444445,0.0,0.0,77.63634411997919,8.0,16.0,48.0,22440.0,5872.0,1.0,0.0,0.0,0.0,0.0,scifact,bm25,4
scifact_bm25,23,8,information_gain,0.6061398767848605,0.0,0.7344444444444445,0.0,0.0,77.63634411997919,16.0,16.0,48.0,22440.0,5872.0,1.0,0.0,0.0,0.0,0.0,scifact,bm25,8
scifact_bm25,23,16,information_gain,0.6061398767848605,0.0,0.7344444444444445,0.0,0.0,77.63634411997919,32.0,16.0,48.0,22440.0,5872.0,1.0,0.0,0.0,0.0,0.0,scifact,bm25,16
scifact_bm25,23,32,information_gain,0.6061398767848605,0.0,0.7344444444444445,0.0,0.0,77.63634411997919,64.0,16.0,48.0,22440.0,5872.0,1.0,0.0,0.0,0.0,0.0,scifact,bm25,32
scifact_bm25,23,0,learned_value,0.6061398767848605,0.0,0.7344444444444445,0.0,0.0,0.0,0.0,0.0,0.0,0.0,0.0,1.0,0.0,0.0,0.0,0.0,scifact,bm25,0
scifact_bm25,23,4,learned_value,0.6061398767848605,0.0,0.7344444444444445,0.0,0.0,77.63634411997919,8.0,16.0,48.0,22440.0,5872.0,1.0,0.0,0.0,0.0,0.0,scifact,bm25,4
scifact_bm25,23,8,learned_value,0.6061398767848605,0.0,0.7344444444444445,0.0,0.0,77.63634411997919,17.0,16.0,48.0,22440.0,5872.0,1.0,0.0,0.0,0.0,0.0,scifact,bm25,8
scifact_bm25,23,16,learned_value,0.6061398767848605,0.0,0.7344444444444445,0.0,0.0,77.63634411997919,34.0,16.0,48.0,22440.0,5872.0,1.0,0.0,0.0,0.0,0.0,scifact,bm25,16
scifact_bm25,23,32,learned_value,0.6061398767848605,0.0,0.7344444444444445,0.0,0.0,77.63634411997919,71.0,16.0,48.0,22440.0,5872.0,1.0,0.0,0.0,0.0,0.0,scifact,bm25,32
scifact_bm25,47,0,source_router,0.6061398767848605,0.0,0.7344444444444445,0.0,0.0,0.0,0.0,0.0,0.0,0.0,0.0,1.0,0.0,0.0,0.0,0.0,scifact,bm25,0
scifact_bm25,47,4,source_router,0.6061398767848605,0.0,0.7344444444444445,0.0,0.0,0.0,0.0,0.0,0.0,0.0,0.0,1.0,0.0,0.0,0.0,0.0,scifact,bm25,0
scifact_bm25,47,8,source_router,0.6061398767848605,0.0,0.7344444444444445,0.0,0.0,0.0,0.0,0.0,0.0,0.0,0.0,1.0,0.0,0.0,0.0,0.0,scifact,bm25,0
scifact_bm25,47,16,source_router,0.6061398767848605,0.0,0.7344444444444445,0.0,0.0,0.0,0.0,0.0,0.0,0.0,0.0,1.0,0.0,0.0,0.0,0.0,scifact,bm25,0
scifact_bm25,47,32,source_router,0.6061398767848605,0.0,0.7344444444444445,0.0,0.0,0.0,0.0,0.0,0.0,0.0,0.0,1.0,0.0,0.0,0.0,0.0,scifact,bm25,0
scifact_bm25,47,0,random,0.6061398767848605,0.0,0.7344444444444445,0.0,0.0,0.0,0.0,0.0,0.0,0.0,0.0,1.0,0.0,0.0,0.0,0.0,scifact,bm25,0
scifact_bm25,47,4,random,0.6061398767848605,0.0,0.7344444444444445,0.0,0.0,75.94030985984136,10.0,16.0,48.0,22603.0,5912.0,1.0,0.0,0.0,0.0,0.0,scifact,bm25,4
scifact_bm25,47,8,random,0.6061398767848605,0.0,0.7344444444444445,0.0,0.0,75.94030985984136,18.0,16.0,48.0,22603.0,5912.0,1.0,0.0,0.0,0.0,0.0,scifact,bm25,8
scifact_bm25,47,16,random,0.6061398767848605,0.0,0.7344444444444445,0.0,0.0,75.94030985984136,35.0,16.0,48.0,22603.0,5912.0,1.0,0.0,0.0,0.0,0.0,scifact,bm25,16
scifact_bm25,47,32,random,0.6061398767848605,0.0,0.7344444444444445,0.0,0.0,75.94030985984136,71.0,16.0,48.0,22603.0,5912.0,1.0,0.0,0.0,0.0,0.0,scifact,bm25,32
scifact_bm25,47,0,fixed,0.6061398767848605,0.0,0.7344444444444445,0.0,0.0,0.0,0.0,0.0,0.0,0.0,0.0,1.0,0.0,0.0,0.0,0.0,scifact,bm25,0
scifact_bm25,47,4,fixed,0.6061398767848605,0.0,0.7344444444444445,0.0,0.0,75.94030985984136,9.0,16.0,48.0,22603.0,5912.0,1.0,0.0,0.0,0.0,0.0,scifact,bm25,4
scifact_bm25,47,8,fixed,0.6061398767848605,0.0,0.7344444444444445,0.0,0.0,75.94030985984136,18.0,16.0,48.0,22603.0,5912.0,1.0,0.0,0.0,0.0,0.0,scifact,bm25,8
scifact_bm25,47,16,fixed,0.6061398767848605,0.0,0.7344444444444445,0.0,0.0,75.94030985984136,36.0,16.0,48.0,22603.0,5912.0,1.0,0.0,0.0,0.0,0.0,scifact,bm25,16
scifact_bm25,47,32,fixed,0.6061398767848605,0.0,0.7344444444444445,0.0,0.0,75.94030985984136,72.0,16.0,48.0,22603.0,5912.0,1.0,0.0,0.0,0.0,0.0,scifact,bm25,32
scifact_bm25,47,0,information_gain,0.6061398767848605,0.0,0.7344444444444445,0.0,0.0,0.0,0.0,0.0,0.0,0.0,0.0,1.0,0.0,0.0,0.0,0.0,scifact,bm25,0
scifact_bm25,47,4,information_gain,0.6061398767848605,0.0,0.7344444444444445,0.0,0.0,75.94030985984136,8.0,16.0,48.0,22603.0,5912.0,1.0,0.0,0.0,0.0,0.0,scifact,bm25,4
scifact_bm25,47,8,information_gain,0.6061398767848605,0.0,0.7344444444444445,0.0,0.0,75.94030985984136,16.0,16.0,48.0,22603.0,5912.0,1.0,0.0,0.0,0.0,0.0,scifact,bm25,8
scifact_bm25,47,16,information_gain,0.6061398767848605,0.0,0.7344444444444445,0.0,0.0,75.94030985984136,32.0,16.0,48.0,22603.0,5912.0,1.0,0.0,0.0,0.0,0.0,scifact,bm25,16
scifact_bm25,47,32,information_gain,0.6061398767848605,0.0,0.7344444444444445,0.0,0.0,75.94030985984136,64.0,16.0,48.0,22603.0,5912.0,1.0,0.0,0.0,0.0,0.0,scifact,bm25,32
scifact_bm25,47,0,learned_value,0.6061398767848605,0.0,0.7344444444444445,0.0,0.0,0.0,0.0,0.0,0.0,0.0,0.0,1.0,0.0,0.0,0.0,0.0,scifact,bm25,0
scifact_bm25,47,4,learned_value,0.6061398767848605,0.0,0.7344444444444445,0.0,0.0,75.94030985984136,10.0,16.0,48.0,22603.0,5912.0,1.0,0.0,0.0,0.0,0.0,scifact,bm25,4
scifact_bm25,47,8,learned_value,0.6061398767848605,0.0,0.7344444444444445,0.0,0.0,75.94030985984136,18.0,16.0,48.0,22603.0,5912.0,1.0,0.0,0.0,0.0,0.0,scifact,bm25,8
scifact_bm25,47,16,learned_value,0.6061398767848605,0.0,0.7344444444444445,0.0,0.0,75.94030985984136,35.0,16.0,48.0,22603.0,5912.0,1.0,0.0,0.0,0.0,0.0,scifact,bm25,16
scifact_bm25,47,32,learned_value,0.6061398767848605,0.0,0.7344444444444445,0.0,0.0,75.94030985984136,71.0,16.0,48.0,22603.0,5912.0,1.0,0.0,0.0,0.0,0.0,scifact,bm25,32
scifact_dense,11,0,source_router,0.6435738713255216,0.0,0.7833333333333333,0.0,0.0,0.0,0.0,0.0,0.0,0.0,0.0,1.0,0.0,0.0,0.0,0.0,scifact,dense,0
scifact_dense,11,4,source_router,0.6435738713255216,0.0,0.7833333333333333,0.0,0.0,0.0,0.0,0.0,0.0,0.0,0.0,1.0,0.0,0.0,0.0,0.0,scifact,dense,0
scifact_dense,11,8,source_router,0.6435738713255216,0.0,0.7833333333333333,0.0,0.0,0.0,0.0,0.0,0.0,0.0,0.0,1.0,0.0,0.0,0.0,0.0,scifact,dense,0
scifact_dense,11,16,source_router,0.6435738713255216,0.0,0.7833333333333333,0.0,0.0,0.0,0.0,0.0,0.0,0.0,0.0,1.0,0.0,0.0,0.0,0.0,scifact,dense,0
scifact_dense,11,32,source_router,0.6435738713255216,0.0,0.7833333333333333,0.0,0.0,0.0,0.0,0.0,0.0,0.0,0.0,1.0,0.0,0.0,0.0,0.0,scifact,dense,0
scifact_dense,11,0,random,0.6435738713255216,0.0,0.7833333333333333,0.0,0.0,0.0,0.0,0.0,0.0,0.0,0.0,1.0,0.0,0.0,0.0,0.0,scifact,dense,0
scifact_dense,11,4,random,0.6435738713255216,0.0,0.7833333333333333,0.0,0.0,76.11252064608561,8.0,16.0,48.0,23491.0,6060.0,1.0,0.0,0.0,0.0,0.0,scifact,dense,4
scifact_dense,11,8,random,0.6435738713255216,0.0,0.7833333333333333,0.0,0.0,76.11252064608561,16.0,16.0,48.0,23491.0,6060.0,1.0,0.0,0.0,0.0,0.0,scifact,dense,8
scifact_dense,11,16,random,0.6435738713255216,0.0,0.7833333333333333,0.0,0.0,76.11252064608561,35.0,16.0,48.0,23491.0,6060.0,1.0,0.0,0.0,0.0,0.0,scifact,dense,16
scifact_dense,11,32,random,0.6435738713255216,0.0,0.7833333333333333,0.0,0.0,76.11252064608561,73.0,16.0,48.0,23491.0,6060.0,1.0,0.0,0.0,0.0,0.0,scifact,dense,32
scifact_dense,11,0,fixed,0.6435738713255216,0.0,0.7833333333333333,0.0,0.0,0.0,0.0,0.0,0.0,0.0,0.0,1.0,0.0,0.0,0.0,0.0,scifact,dense,0
scifact_dense,11,4,fixed,0.6435738713255216,0.0,0.7833333333333333,0.0,0.0,76.11252064608561,9.0,16.0,48.0,23491.0,6060.0,1.0,0.0,0.0,0.0,0.0,scifact,dense,4
scifact_dense,11,8,fixed,0.6435738713255216,0.0,0.7833333333333333,0.0,0.0,76.11252064608561,18.0,16.0,48.0,23491.0,6060.0,1.0,0.0,0.0,0.0,0.0,scifact,dense,8
scifact_dense,11,16,fixed,0.6435738713255216,0.0,0.7833333333333333,0.0,0.0,76.11252064608561,36.0,16.0,48.0,23491.0,6060.0,1.0,0.0,0.0,0.0,0.0,scifact,dense,16
scifact_dense,11,32,fixed,0.6435738713255216,0.0,0.7833333333333333,0.0,0.0,76.11252064608561,72.0,16.0,48.0,23491.0,6060.0,1.0,0.0,0.0,0.0,0.0,scifact,dense,32
scifact_dense,11,0,information_gain,0.6435738713255216,0.0,0.7833333333333333,0.0,0.0,0.0,0.0,0.0,0.0,0.0,0.0,1.0,0.0,0.0,0.0,0.0,scifact,dense,0
scifact_dense,11,4,information_gain,0.6435738713255216,0.0,0.7833333333333333,0.0,0.0,76.11252064608561,8.0,16.0,48.0,23491.0,6060.0,1.0,0.0,0.0,0.0,0.0,scifact,dense,4
scifact_dense,11,8,information_gain,0.6435738713255216,0.0,0.7833333333333333,0.0,0.0,76.11252064608561,16.0,16.0,48.0,23491.0,6060.0,1.0,0.0,0.0,0.0,0.0,scifact,dense,8
scifact_dense,11,16,information_gain,0.6435738713255216,0.0,0.7833333333333333,0.0,0.0,76.11252064608561,32.0,16.0,48.0,23491.0,6060.0,1.0,0.0,0.0,0.0,0.0,scifact,dense,16
scifact_dense,11,32,information_gain,0.6435738713255216,0.0,0.7833333333333333,0.0,0.0,76.11252064608561,64.0,16.0,48.0,23491.0,6060.0,1.0,0.0,0.0,0.0,0.0,scifact,dense,32
scifact_dense,11,0,learned_value,0.6435738713255216,0.0,0.7833333333333333,0.0,0.0,0.0,0.0,0.0,0.0,0.0,0.0,1.0,0.0,0.0,0.0,0.0,scifact,dense,0
scifact_dense,11,4,learned_value,0.6435738713255216,0.0,0.7833333333333333,0.0,0.0,76.11252064608561,8.0,16.0,48.0,23491.0,6060.0,1.0,0.0,0.0,0.0,0.0,scifact,dense,4
scifact_dense,11,8,learned_value,0.6435738713255216,0.0,0.7833333333333333,0.0,0.0,76.11252064608561,16.0,16.0,48.0,23491.0,6060.0,1.0,0.0,0.0,0.0,0.0,scifact,dense,8
scifact_dense,11,16,learned_value,0.6435738713255216,0.0,0.7833333333333333,0.0,0.0,76.11252064608561,35.0,16.0,48.0,23491.0,6060.0,1.0,0.0,0.0,0.0,0.0,scifact,dense,16
scifact_dense,11,32,learned_value,0.6435738713255216,0.0,0.7833333333333333,0.0,0.0,76.11252064608561,73.0,16.0,48.0,23491.0,6060.0,1.0,0.0,0.0,0.0,0.0,scifact,dense,32
scifact_dense,23,0,source_router,0.6435738713255216,0.0,0.7833333333333333,0.0,0.0,0.0,0.0,0.0,0.0,0.0,0.0,1.0,0.0,0.0,0.0,0.0,scifact,dense,0
scifact_dense,23,4,source_router,0.6435738713255216,0.0,0.7833333333333333,0.0,0.0,0.0,0.0,0.0,0.0,0.0,0.0,1.0,0.0,0.0,0.0,0.0,scifact,dense,0
scifact_dense,23,8,source_router,0.6435738713255216,0.0,0.7833333333333333,0.0,0.0,0.0,0.0,0.0,0.0,0.0,0.0,1.0,0.0,0.0,0.0,0.0,scifact,dense,0
scifact_dense,23,16,source_router,0.6435738713255216,0.0,0.7833333333333333,0.0,0.0,0.0,0.0,0.0,0.0,0.0,0.0,1.0,0.0,0.0,0.0,0.0,scifact,dense,0
scifact_dense,23,32,source_router,0.6435738713255216,0.0,0.7833333333333333,0.0,0.0,0.0,0.0,0.0,0.0,0.0,0.0,1.0,0.0,0.0,0.0,0.0,scifact,dense,0
scifact_dense,23,0,random,0.6435738713255216,0.0,0.7833333333333333,0.0,0.0,0.0,0.0,0.0,0.0,0.0,0.0,1.0,0.0,0.0,0.0,0.0,scifact,dense,0
scifact_dense,23,4,random,0.6435738713255216,0.0,0.7833333333333333,0.0,0.0,77.63634411997919,8.0,16.0,48.0,22440.0,5872.0,1.0,0.0,0.0,0.0,0.0,scifact,dense,4
scifact_dense,23,8,random,0.6435738713255216,0.0,0.7833333333333333,0.0,0.0,77.63634411997919,17.0,16.0,48.0,22440.0,5872.0,1.0,0.0,0.0,0.0,0.0,scifact,dense,8
scifact_dense,23,16,random,0.6435738713255216,0.0,0.7833333333333333,0.0,0.0,77.63634411997919,34.0,16.0,48.0,22440.0,5872.0,1.0,0.0,0.0,0.0,0.0,scifact,dense,16
scifact_dense,23,32,random,0.6435738713255216,0.0,0.7833333333333333,0.0,0.0,77.63634411997919,71.0,16.0,48.0,22440.0,5872.0,1.0,0.0,0.0,0.0,0.0,scifact,dense,32
scifact_dense,23,0,fixed,0.6435738713255216,0.0,0.7833333333333333,0.0,0.0,0.0,0.0,0.0,0.0,0.0,0.0,1.0,0.0,0.0,0.0,0.0,scifact,dense,0
scifact_dense,23,4,fixed,0.6435738713255216,0.0,0.7833333333333333,0.0,0.0,77.63634411997919,9.0,16.0,48.0,22440.0,5872.0,1.0,0.0,0.0,0.0,0.0,scifact,dense,4
scifact_dense,23,8,fixed,0.6435738713255216,0.0,0.7833333333333333,0.0,0.0,77.63634411997919,18.0,16.0,48.0,22440.0,5872.0,1.0,0.0,0.0,0.0,0.0,scifact,dense,8
scifact_dense,23,16,fixed,0.6435738713255216,0.0,0.7833333333333333,0.0,0.0,77.63634411997919,36.0,16.0,48.0,22440.0,5872.0,1.0,0.0,0.0,0.0,0.0,scifact,dense,16
scifact_dense,23,32,fixed,0.6435738713255216,0.0,0.7833333333333333,0.0,0.0,77.63634411997919,72.0,16.0,48.0,22440.0,5872.0,1.0,0.0,0.0,0.0,0.0,scifact,dense,32
scifact_dense,23,0,information_gain,0.6435738713255216,0.0,0.7833333333333333,0.0,0.0,0.0,0.0,0.0,0.0,0.0,0.0,1.0,0.0,0.0,0.0,0.0,scifact,dense,0
scifact_dense,23,4,information_gain,0.6435738713255216,0.0,0.7833333333333333,0.0,0.0,77.63634411997919,8.0,16.0,48.0,22440.0,5872.0,1.0,0.0,0.0,0.0,0.0,scifact,dense,4
scifact_dense,23,8,information_gain,0.6435738713255216,0.0,0.7833333333333333,0.0,0.0,77.63634411997919,16.0,16.0,48.0,22440.0,5872.0,1.0,0.0,0.0,0.0,0.0,scifact,dense,8
scifact_dense,23,16,information_gain,0.6435738713255216,0.0,0.7833333333333333,0.0,0.0,77.63634411997919,32.0,16.0,48.0,22440.0,5872.0,1.0,0.0,0.0,0.0,0.0,scifact,dense,16
scifact_dense,23,32,information_gain,0.6435738713255216,0.0,0.7833333333333333,0.0,0.0,77.63634411997919,64.0,16.0,48.0,22440.0,5872.0,1.0,0.0,0.0,0.0,0.0,scifact,dense,32
scifact_dense,23,0,learned_value,0.6435738713255216,0.0,0.7833333333333333,0.0,0.0,0.0,0.0,0.0,0.0,0.0,0.0,1.0,0.0,0.0,0.0,0.0,scifact,dense,0
scifact_dense,23,4,learned_value,0.6435738713255216,0.0,0.7833333333333333,0.0,0.0,77.63634411997919,8.0,16.0,48.0,22440.0,5872.0,1.0,0.0,0.0,0.0,0.0,scifact,dense,4
scifact_dense,23,8,learned_value,0.6435738713255216,0.0,0.7833333333333333,0.0,0.0,77.63634411997919,17.0,16.0,48.0,22440.0,5872.0,1.0,0.0,0.0,0.0,0.0,scifact,dense,8
scifact_dense,23,16,learned_value,0.6435738713255216,0.0,0.7833333333333333,0.0,0.0,77.63634411997919,34.0,16.0,48.0,22440.0,5872.0,1.0,0.0,0.0,0.0,0.0,scifact,dense,16
scifact_dense,23,32,learned_value,0.6435738713255216,0.0,0.7833333333333333,0.0,0.0,77.63634411997919,71.0,16.0,48.0,22440.0,5872.0,1.0,0.0,0.0,0.0,0.0,scifact,dense,32
scifact_dense,47,0,source_router,0.6435738713255216,0.0,0.7833333333333333,0.0,0.0,0.0,0.0,0.0,0.0,0.0,0.0,1.0,0.0,0.0,0.0,0.0,scifact,dense,0
scifact_dense,47,4,source_router,0.6435738713255216,0.0,0.7833333333333333,0.0,0.0,0.0,0.0,0.0,0.0,0.0,0.0,1.0,0.0,0.0,0.0,0.0,scifact,dense,0
scifact_dense,47,8,source_router,0.6435738713255216,0.0,0.7833333333333333,0.0,0.0,0.0,0.0,0.0,0.0,0.0,0.0,1.0,0.0,0.0,0.0,0.0,scifact,dense,0
scifact_dense,47,16,source_router,0.6435738713255216,0.0,0.7833333333333333,0.0,0.0,0.0,0.0,0.0,0.0,0.0,0.0,1.0,0.0,0.0,0.0,0.0,scifact,dense,0
scifact_dense,47,32,source_router,0.6435738713255216,0.0,0.7833333333333333,0.0,0.0,0.0,0.0,0.0,0.0,0.0,0.0,1.0,0.0,0.0,0.0,0.0,scifact,dense,0
scifact_dense,47,0,random,0.6435738713255216,0.0,0.7833333333333333,0.0,0.0,0.0,0.0,0.0,0.0,0.0,0.0,1.0,0.0,0.0,0.0,0.0,scifact,dense,0
scifact_dense,47,4,random,0.6435738713255216,0.0,0.7833333333333333,0.0,0.0,75.94030985984136,10.0,16.0,48.0,22603.0,5912.0,1.0,0.0,0.0,0.0,0.0,scifact,dense,4
scifact_dense,47,8,random,0.6435738713255216,0.0,0.7833333333333333,0.0,0.0,75.94030985984136,18.0,16.0,48.0,22603.0,5912.0,1.0,0.0,0.0,0.0,0.0,scifact,dense,8
scifact_dense,47,16,random,0.6435738713255216,0.0,0.7833333333333333,0.0,0.0,75.94030985984136,35.0,16.0,48.0,22603.0,5912.0,1.0,0.0,0.0,0.0,0.0,scifact,dense,16
scifact_dense,47,32,random,0.6435738713255216,0.0,0.7833333333333333,0.0,0.0,75.94030985984136,71.0,16.0,48.0,22603.0,5912.0,1.0,0.0,0.0,0.0,0.0,scifact,dense,32
scifact_dense,47,0,fixed,0.6435738713255216,0.0,0.7833333333333333,0.0,0.0,0.0,0.0,0.0,0.0,0.0,0.0,1.0,0.0,0.0,0.0,0.0,scifact,dense,0
scifact_dense,47,4,fixed,0.6435738713255216,0.0,0.7833333333333333,0.0,0.0,75.94030985984136,9.0,16.0,48.0,22603.0,5912.0,1.0,0.0,0.0,0.0,0.0,scifact,dense,4
scifact_dense,47,8,fixed,0.6435738713255216,0.0,0.7833333333333333,0.0,0.0,75.94030985984136,18.0,16.0,48.0,22603.0,5912.0,1.0,0.0,0.0,0.0,0.0,scifact,dense,8
scifact_dense,47,16,fixed,0.6435738713255216,0.0,0.7833333333333333,0.0,0.0,75.94030985984136,36.0,16.0,48.0,22603.0,5912.0,1.0,0.0,0.0,0.0,0.0,scifact,dense,16
scifact_dense,47,32,fixed,0.6435738713255216,0.0,0.7833333333333333,0.0,0.0,75.94030985984136,72.0,16.0,48.0,22603.0,5912.0,1.0,0.0,0.0,0.0,0.0,scifact,dense,32
scifact_dense,47,0,information_gain,0.6435738713255216,0.0,0.7833333333333333,0.0,0.0,0.0,0.0,0.0,0.0,0.0,0.0,1.0,0.0,0.0,0.0,0.0,scifact,dense,0
scifact_dense,47,4,information_gain,0.6435738713255216,0.0,0.7833333333333333,0.0,0.0,75.94030985984136,8.0,16.0,48.0,22603.0,5912.0,1.0,0.0,0.0,0.0,0.0,scifact,dense,4
scifact_dense,47,8,information_gain,0.6435738713255216,0.0,0.7833333333333333,0.0,0.0,75.94030985984136,16.0,16.0,48.0,22603.0,5912.0,1.0,0.0,0.0,0.0,0.0,scifact,dense,8
scifact_dense,47,16,information_gain,0.6435738713255216,0.0,0.7833333333333333,0.0,0.0,75.94030985984136,32.0,16.0,48.0,22603.0,5912.0,1.0,0.0,0.0,0.0,0.0,scifact,dense,16
scifact_dense,47,32,information_gain,0.6435738713255216,0.0,0.7833333333333333,0.0,0.0,75.94030985984136,64.0,16.0,48.0,22603.0,5912.0,1.0,0.0,0.0,0.0,0.0,scifact,dense,32
scifact_dense,47,0,learned_value,0.6435738713255216,0.0,0.7833333333333333,0.0,0.0,0.0,0.0,0.0,0.0,0.0,0.0,1.0,0.0,0.0,0.0,0.0,scifact,dense,0
scifact_dense,47,4,learned_value,0.6435738713255216,0.0,0.7833333333333333,0.0,0.0,75.94030985984136,10.0,16.0,48.0,22603.0,5912.0,1.0,0.0,0.0,0.0,0.0,scifact,dense,4
scifact_dense,47,8,learned_value,0.6435738713255216,0.0,0.7833333333333333,0.0,0.0,75.94030985984136,18.0,16.0,48.0,22603.0,5912.0,1.0,0.0,0.0,0.0,0.0,scifact,dense,8
scifact_dense,47,16,learned_value,0.6435738713255216,0.0,0.7833333333333333,0.0,0.0,75.94030985984136,35.0,16.0,48.0,22603.0,5912.0,1.0,0.0,0.0,0.0,0.0,scifact,dense,16
scifact_dense,47,32,learned_value,0.6435738713255216,0.0,0.7833333333333333,0.0,0.0,75.94030985984136,71.0,16.0,48.0,22603.0,5912.0,1.0,0.0,0.0,0.0,0.0,scifact,dense,32
